id,title,isbn,publish_date,price_value,price_currency
1,Spring Boot in Action,978-100-000-000-1,2023-01-15,35.99,USD
2,Spring Boot Cookbook,978-100-000-000-2,2023-02-10,42.50,EUR
3,Spring Boot Fundamentals,978-100-000-000-3,2023-03-05,39.99,USD
4,Spring Boot Advanced,978-100-000-000-4,2023-04-12,49.99,GBP
5,Spring Boot Patterns,978-100-000-000-5,2023-05-20,45.00,USD
6,Spring Boot Guide,978-100-000-000-6,2023-06-18,29.99,EUR
7,Spring Boot Crash Course,978-100-000-000-7,2023-07-22,25.99,USD
8,Spring Boot Mastery,978-100-000-000-8,2023-08-30,55.00,GBP
9,Spring Boot Essentials,978-100-000-000-9,2023-09-14,34.50,USD
10,Spring Boot for Beginners,978-100-000-001-0,2023-10-01,22.99,EUR
11,Angular in Action,978-100-000-001-1,2023-01-16,35.99,USD
12,Angular Cookbook,978-100-000-001-2,2023-02-11,42.50,EUR
13,Angular Fundamentals,978-100-000-001-3,2023-03-06,39.99,USD
14,Angular Advanced,978-100-000-001-4,2023-04-13,49.99,GBP
15,Angular Patterns,978-100-000-001-5,2023-05-21,45.00,USD
16,Angular Guide,978-100-000-001-6,2023-06-19,29.99,EUR
17,Angular Crash Course,978-100-000-001-7,2023-07-23,25.99,USD
18,Angular Mastery,978-100-000-001-8,2023-08-31,55.00,GBP
19,Angular Essentials,978-100-000-001-9,2023-09-15,34.50,USD
20,Angular for Beginners,978-100-000-002-0,2023-10-02,22.99,EUR
21,Java 21 in Action,978-100-000-002-1,2023-01-17,35.99,USD
22,Java 21 Cookbook,978-100-000-002-2,2023-02-12,42.50,EUR
23,Java 21 Fundamentals,978-100-000-002-3,2023-03-07,39.99,USD
24,Java 21 Advanced,978-100-000-002-4,2023-04-14,49.99,GBP
25,Java 21 Patterns,978-100-000-002-5,2023-05-22,45.00,USD
26,Java 21 Guide,978-100-000-002-6,2023-06-20,29.99,EUR
27,Java 21 Crash Course,978-100-000-002-7,2023-07-24,25.99,USD
28,Java 21 Mastery,978-100-000-002-8,2023-09-01,55.00,GBP
29,Java 21 Essentials,978-100-000-002-9,2023-09-16,34.50,USD
30,Java 21 for Beginners,978-100-000-003-0,2023-10-03,22.99,EUR
31,Docker in Action,978-100-000-003-1,2023-01-18,35.99,USD
32,Docker Cookbook,978-100-000-003-2,2023-02-13,42.50,EUR
33,Docker Fundamentals,978-100-000-003-3,2023-03-08,39.99,USD
34,Docker Advanced,978-100-000-003-4,2023-04-15,49.99,GBP
35,Docker Patterns,978-100-000-003-5,2023-05-23,45.00,USD
36,Docker Guide,978-100-000-003-6,2023-06-21,29.99,EUR
37,Docker Crash Course,978-100-000-003-7,2023-07-25,25.99,USD
38,Docker Mastery,978-100-000-003-8,2023-09-02,55.00,GBP
39,Docker Essentials,978-100-000-003-9,2023-09-17,34.50,USD
40,Docker for Beginners,978-100-000-004-0,2023-10-04,22.99,EUR
41,MongoDB in Action,978-100-000-004-1,2023-01-19,35.99,USD
42,MongoDB Cookbook,978-100-000-004-2,2023-02-14,42.50,EUR
43,MongoDB Fundamentals,978-100-000-004-3,2023-03-09,39.99,USD
44,MongoDB Advanced,978-100-000-004-4,2023-04-16,49.99,GBP
45,MongoDB Patterns,978-100-000-004-5,2023-05-24,45.00,USD
46,MongoDB Guide,978-100-000-004-6,2023-06-22,29.99,EUR
47,MongoDB Crash Course,978-100-000-004-7,2023-07-26,25.99,USD
48,MongoDB Mastery,978-100-000-004-8,2023-09-03,55.00,GBP
49,MongoDB Essentials,978-100-000-004-9,2023-09-18,34.50,USD
50,MongoDB for Beginners,978-100-000-005-0,2023-10-05,22.99,EUR
51,React in Action,978-100-000-005-1,2023-01-20,35.99,USD
52,React Cookbook,978-100-000-005-2,2023-02-15,42.50,EUR
53,React Fundamentals,978-100-000-005-3,2023-03-10,39.99,USD
54,React Advanced,978-100-000-005-4,2023-04-17,49.99,GBP
55,React Patterns,978-100-000-005-5,2023-05-25,45.00,USD
56,React Guide,978-100-000-005-6,2023-06-23,29.99,EUR
57,React Crash Course,978-100-000-005-7,2023-07-27,25.99,USD
58,React Mastery,978-100-000-005-8,2023-09-04,55.00,GBP
59,React Essentials,978-100-000-005-9,2023-09-19,34.50,USD
60,React for Beginners,978-100-000-006-0,2023-10-06,22.99,EUR
61,TypeScript in Action,978-100-000-006-1,2023-01-21,35.99,USD
62,TypeScript Cookbook,978-100-000-006-2,2023-02-16,42.50,EUR
63,TypeScript Fundamentals,978-100-000-006-3,2023-03-11,39.99,USD
64,TypeScript Advanced,978-100-000-006-4,2023-04-18,49.99,GBP
65,TypeScript Patterns,978-100-000-006-5,2023-05-26,45.00,USD
66,TypeScript Guide,978-100-000-006-6,2023-06-24,29.99,EUR
67,TypeScript Crash Course,978-100-000-006-7,2023-07-28,25.99,USD
68,TypeScript Mastery,978-100-000-006-8,2023-09-05,55.00,GBP
69,TypeScript Essentials,978-100-000-006-9,2023-09-20,34.50,USD
70,TypeScript for Beginners,978-100-000-007-0,2023-10-07,22.99,EUR
71,Node.js in Action,978-100-000-007-1,2023-01-22,35.99,USD
72,Node.js Cookbook,978-100-000-007-2,2023-02-17,42.50,EUR
73,Node.js Fundamentals,978-100-000-007-3,2023-03-12,39.99,USD
74,Node.js Advanced,978-100-000-007-4,2023-04-19,49.99,GBP
75,Node.js Patterns,978-100-000-007-5,2023-05-27,45.00,USD
76,Node.js Guide,978-100-000-007-6,2023-06-25,29.99,EUR
77,Node.js Crash Course,978-100-000-007-7,2023-07-29,25.99,USD
78,Node.js Mastery,978-100-000-007-8,2023-09-06,55.00,GBP
79,Node.js Essentials,978-100-000-007-9,2023-09-21,34.50,USD
80,Node.js for Beginners,978-100-000-008-0,2023-10-08,22.99,EUR
81,System Design in Action,978-100-000-008-1,2023-01-23,35.99,USD
82,System Design Cookbook,978-100-000-008-2,2023-02-18,42.50,EUR
83,System Design Fundamentals,978-100-000-008-3,2023-03-13,39.99,USD
84,System Design Advanced,978-100-000-008-4,2023-04-20,49.99,GBP
85,System Design Patterns,978-100-000-008-5,2023-05-28,45.00,USD
86,System Design Guide,978-100-000-008-6,2023-06-26,29.99,EUR
87,System Design Crash Course,978-100-000-008-7,2023-07-30,25.99,USD
88,System Design Mastery,978-100-000-008-8,2023-09-07,55.00,GBP
89,System Design Essentials,978-100-000-008-9,2023-09-22,34.50,USD
90,System Design for Beginners,978-100-000-009-0,2023-10-09,22.99,EUR
91,Linux Admin in Action,978-100-000-009-1,2023-01-24,35.99,USD
92,Linux Admin Cookbook,978-100-000-009-2,2023-02-19,42.50,EUR
93,Linux Admin Fundamentals,978-100-000-009-3,2023-03-14,39.99,USD
94,Linux Admin Advanced,978-100-000-009-4,2023-04-21,49.99,GBP
95,Linux Admin Patterns,978-100-000-009-5,2023-05-29,45.00,USD
96,Linux Admin Guide,978-100-000-009-6,2023-06-27,29.99,EUR
97,Linux Admin Crash Course,978-100-000-009-7,2023-07-31,25.99,USD
98,Linux Admin Mastery,978-100-000-009-8,2023-09-08,55.00,GBP
99,Linux Admin Essentials,978-100-000-009-9,2023-09-23,34.50,USD
100,Linux Admin for Beginners,978-100-000-010-0,2023-10-10,22.99,EUR
101,Elixir Demystified,978-100-000-010-1,2022-04-06,38.75,EUR
102,Spring Demystified,978-100-000-010-2,2021-10-31,18.10,USD
103,Django Fundamentals,978-100-000-010-3,2020-03-25,55.15,USD
104,AI in 24 Hours,978-100-000-010-4,2020-07-16,21.17,GBP
105,TypeScript Mastery,978-100-000-010-5,2021-02-25,82.43,EUR
106,Cybersecurity in 24 Hours,978-100-000-010-6,2020-10-17,65.69,GBP
107,Django Crash Course,978-100-000-010-7,2020-09-20,62.75,GBP
108,Kubernetes Fundamentals,978-100-000-010-8,2020-08-28,24.78,USD
109,Vue Mastery,978-100-000-010-9,2021-04-27,84.52,USD
110,AWS Essentials,978-100-000-011-0,2022-06-28,46.64,EUR
111,Django Fundamentals,978-100-000-011-1,2021-02-24,62.59,GBP
112,JavaScript Guide,978-100-000-011-2,2021-11-21,20.95,USD
113,Docker Demystified,978-100-000-011-3,2020-02-26,98.34,GBP
114,React Native Demystified,978-100-000-011-4,2021-08-24,33.83,GBP
115,Elixir Demystified,978-100-000-011-5,2021-06-12,53.11,USD
116,Python Deep Dive,978-100-000-011-6,2021-05-31,27.55,EUR
117,Rust Fundamentals,978-100-000-011-7,2020-06-01,87.31,USD
118,Java Deep Dive,978-100-000-011-8,2022-01-04,14.67,EUR
119,JavaScript Demystified,978-100-000-011-9,2022-01-08,27.25,EUR
120,Elixir Crash Course,978-100-000-012-0,2021-10-04,65.70,USD
121,GCP Crash Course,978-100-000-012-1,2022-04-27,95.41,USD
122,DevOps Fundamentals,978-100-000-012-2,2021-04-16,75.55,EUR
123,Kubernetes Mastery,978-100-000-012-3,2021-04-22,20.72,GBP
124,Ruby Patterns,978-100-000-012-4,2020-07-09,65.23,USD
125,C++ in 24 Hours,978-100-000-012-5,2022-07-10,87.69,GBP
126,Blockchain Advanced,978-100-000-012-6,2021-09-04,49.97,USD
127,Scala Handbook,978-100-000-012-7,2022-08-18,78.70,GBP
128,Data Science in 24 Hours,978-100-000-012-8,2022-01-22,55.42,USD
129,Rust Deep Dive,978-100-000-012-9,2022-05-28,82.38,GBP
130,Kotlin Cookbook,978-100-000-013-0,2021-04-16,36.00,USD
131,Cybersecurity Demystified,978-100-000-013-1,2020-05-15,30.81,USD
132,Go Essentials,978-100-000-013-2,2021-02-01,90.03,USD
133,AWS Crash Course,978-100-000-013-3,2022-01-19,79.02,USD
134,Vue Patterns,978-100-000-013-4,2021-10-27,85.99,USD
135,React Native for Beginners,978-100-000-013-5,2020-11-03,18.18,EUR
136,Azure Mastery,978-100-000-013-6,2021-08-18,97.24,GBP
137,Flask in Action,978-100-000-013-7,2021-09-15,86.12,GBP
138,C++ Patterns,978-100-000-013-8,2021-08-15,48.67,GBP
139,Kubernetes Crash Course,978-100-000-013-9,2021-12-30,15.02,USD
140,PHP Essentials,978-100-000-014-0,2021-01-31,93.05,EUR
141,Cybersecurity Handbook,978-100-000-014-1,2020-09-26,33.87,GBP
142,Rust Advanced,978-100-000-014-2,2021-02-24,16.10,EUR
143,Flask Crash Course,978-100-000-014-3,2020-09-21,13.56,EUR
144,Kubernetes in Action,978-100-000-014-4,2022-01-10,66.97,EUR
145,Blockchain Guide,978-100-000-014-5,2021-04-01,65.57,USD
146,Data Science Advanced,978-100-000-014-6,2020-11-06,83.84,USD
147,Elixir for Beginners,978-100-000-014-7,2021-03-25,40.88,USD
148,GCP Deep Dive,978-100-000-014-8,2020-11-17,35.53,USD
149,Go Patterns,978-100-000-014-9,2021-05-27,71.57,GBP
150,Python Guide,978-100-000-015-0,2021-12-06,74.84,GBP
151,JavaScript in 24 Hours,978-100-000-015-1,2022-07-30,28.59,USD
152,AI Cookbook,978-100-000-015-2,2021-03-23,98.63,USD
153,AI Mastery,978-100-000-015-3,2022-06-27,60.21,GBP
154,Vue Cookbook,978-100-000-015-4,2021-05-04,60.37,EUR
155,Haskell Advanced,978-100-000-015-5,2020-07-15,71.85,EUR
156,Flask Handbook,978-100-000-015-6,2022-03-15,68.33,EUR
157,Kubernetes Handbook,978-100-000-015-7,2021-07-28,74.94,EUR
158,Kotlin Handbook,978-100-000-015-8,2022-07-30,33.61,USD
159,TypeScript Deep Dive,978-100-000-015-9,2022-07-03,33.79,USD
160,Angular for Beginners,978-100-000-016-0,2021-07-02,89.32,GBP
161,DevOps Essentials,978-100-000-016-1,2021-08-04,76.41,GBP
162,Haskell Mastery,978-100-000-016-2,2021-06-03,67.35,GBP
163,Django Demystified,978-100-000-016-3,2021-12-25,41.31,USD
164,Cybersecurity Patterns,978-100-000-016-4,2022-03-26,33.51,GBP
165,Spring Cookbook,978-100-000-016-5,2021-03-11,33.54,GBP
166,Django Guide,978-100-000-016-6,2022-08-14,75.03,GBP
167,JavaScript in 24 Hours,978-100-000-016-7,2021-07-09,71.25,GBP
168,Rust Deep Dive,978-100-000-016-8,2021-09-28,43.67,USD
169,TypeScript Handbook,978-100-000-016-9,2020-02-14,26.48,GBP
170,Swift Guide,978-100-000-017-0,2020-02-10,18.11,EUR
171,JavaScript Demystified,978-100-000-017-1,2021-05-25,41.69,GBP
172,C# in Action,978-100-000-017-2,2020-07-23,95.37,EUR
173,AI Fundamentals,978-100-000-017-3,2021-12-13,34.78,GBP
174,Python Cookbook,978-100-000-017-4,2021-11-24,65.71,USD
175,TypeScript Mastery,978-100-000-017-5,2021-12-20,45.12,GBP
176,Spring for Beginners,978-100-000-017-6,2020-09-01,69.80,EUR
177,Spring Cookbook,978-100-000-017-7,2022-06-10,61.05,GBP
178,Erlang for Beginners,978-100-000-017-8,2022-04-06,10.39,USD
179,TypeScript Cookbook,978-100-000-017-9,2020-11-12,53.98,EUR
180,PHP Handbook,978-100-000-018-0,2021-08-04,80.28,EUR
181,Angular Guide,978-100-000-018-1,2021-04-29,11.33,EUR
182,Ruby Deep Dive,978-100-000-018-2,2022-02-15,77.59,USD
183,Cybersecurity for Beginners,978-100-000-018-3,2021-05-07,23.88,GBP
184,Haskell Cookbook,978-100-000-018-4,2021-04-12,68.14,USD
185,Python Handbook,978-100-000-018-5,2021-05-21,52.05,USD
186,Kubernetes Patterns,978-100-000-018-6,2021-08-17,55.63,EUR
187,React Crash Course,978-100-000-018-7,2022-09-13,98.77,USD
188,TypeScript Deep Dive,978-100-000-018-8,2020-05-06,53.43,EUR
189,GCP Patterns,978-100-000-018-9,2022-05-07,37.33,GBP
190,Flutter Mastery,978-100-000-019-0,2021-06-16,62.39,USD
191,JavaScript Deep Dive,978-100-000-019-1,2022-01-26,98.90,EUR
192,Elixir Advanced,978-100-000-019-2,2021-05-14,60.33,USD
193,Laravel for Beginners,978-100-000-019-3,2020-01-21,50.50,GBP
194,Data Science Crash Course,978-100-000-019-4,2020-01-24,54.89,GBP
195,Spring Guide,978-100-000-019-5,2021-05-30,23.25,EUR
196,AI Guide,978-100-000-019-6,2022-03-10,27.21,GBP
197,JavaScript Crash Course,978-100-000-019-7,2021-12-28,67.48,EUR
198,Python Fundamentals,978-100-000-019-8,2022-05-11,53.53,EUR
199,Blockchain Crash Course,978-100-000-019-9,2020-01-19,33.72,USD
200,Spring for Beginners,978-100-000-020-0,2022-09-26,67.52,USD
201,Azure Deep Dive,978-100-000-020-1,2020-07-04,93.71,USD
202,Blockchain Crash Course,978-100-000-020-2,2020-12-10,21.32,GBP
203,Erlang Crash Course,978-100-000-020-3,2021-04-14,19.03,GBP
204,Flask Essentials,978-100-000-020-4,2020-03-26,11.20,EUR
205,Ruby in 24 Hours,978-100-000-020-5,2022-02-20,54.24,GBP
206,AWS for Beginners,978-100-000-020-6,2022-02-05,23.40,EUR
207,Cybersecurity for Beginners,978-100-000-020-7,2020-03-29,99.11,USD
208,Swift in Action,978-100-000-020-8,2021-06-06,29.78,GBP
209,Erlang Mastery,978-100-000-020-9,2022-01-05,34.88,USD
210,Flask Crash Course,978-100-000-021-0,2022-02-23,55.55,GBP
211,Elixir Advanced,978-100-000-021-1,2020-03-13,46.74,USD
212,C++ Patterns,978-100-000-021-2,2021-10-08,76.05,USD
213,C# in Action,978-100-000-021-3,2022-04-24,43.70,GBP
214,Scala Advanced,978-100-000-021-4,2020-03-17,76.51,USD
215,Swift Crash Course,978-100-000-021-5,2021-10-09,25.25,USD
216,Java in 24 Hours,978-100-000-021-6,2021-10-10,89.62,GBP
217,Vue Essentials,978-100-000-021-7,2022-09-20,37.30,GBP
218,Ruby Essentials,978-100-000-021-8,2020-05-22,46.25,GBP
219,Machine Learning Patterns,978-100-000-021-9,2022-02-26,93.44,GBP
220,Ruby Mastery,978-100-000-022-0,2021-10-25,19.42,USD
221,Data Science Demystified,978-100-000-022-1,2020-06-01,60.64,USD
222,Data Science Patterns,978-100-000-022-2,2020-12-15,76.08,GBP
223,AI Demystified,978-100-000-022-3,2021-02-28,23.79,GBP
224,Angular Crash Course,978-100-000-022-4,2022-03-15,67.75,USD
225,Kubernetes Cookbook,978-100-000-022-5,2022-07-11,65.98,EUR
226,Data Science Mastery,978-100-000-022-6,2021-08-14,88.34,USD
227,Python Essentials,978-100-000-022-7,2020-04-08,76.68,USD
228,AWS Cookbook,978-100-000-022-8,2021-07-13,24.57,EUR
229,Haskell for Beginners,978-100-000-022-9,2021-05-03,12.94,EUR
230,GCP Demystified,978-100-000-023-0,2021-03-21,27.31,GBP
231,Laravel Advanced,978-100-000-023-1,2020-03-28,98.16,GBP
232,Kotlin Cookbook,978-100-000-023-2,2021-10-01,60.78,USD
233,Rust Demystified,978-100-000-023-3,2020-01-17,25.26,EUR
234,Docker Deep Dive,978-100-000-023-4,2020-04-14,10.91,EUR
235,DevOps in 24 Hours,978-100-000-023-5,2022-06-26,17.77,GBP
236,Elixir Guide,978-100-000-023-6,2021-03-02,18.86,GBP
237,AWS Crash Course,978-100-000-023-7,2020-01-11,67.91,GBP
238,Blockchain in Action,978-100-000-023-8,2021-07-21,21.14,GBP
239,Go Cookbook,978-100-000-023-9,2020-11-01,47.99,USD
240,Swift in 24 Hours,978-100-000-024-0,2021-08-26,84.15,GBP
241,Flutter Crash Course,978-100-000-024-1,2021-10-30,50.49,EUR
242,Elixir Advanced,978-100-000-024-2,2021-06-23,77.31,EUR
243,Elixir Deep Dive,978-100-000-024-3,2022-08-13,18.57,EUR
244,React Native Deep Dive,978-100-000-024-4,2020-04-27,81.53,GBP
245,Flask for Beginners,978-100-000-024-5,2020-05-22,92.70,EUR
246,Go Advanced,978-100-000-024-6,2020-02-09,72.89,USD
247,Django Deep Dive,978-100-000-024-7,2020-09-29,53.24,EUR
248,Haskell for Beginners,978-100-000-024-8,2020-12-30,77.06,USD
249,Haskell Demystified,978-100-000-024-9,2022-05-20,49.76,USD
250,Kubernetes Demystified,978-100-000-025-0,2022-04-28,27.75,GBP
251,Haskell Guide,978-100-000-025-1,2020-06-11,78.63,EUR
252,AWS Guide,978-100-000-025-2,2022-01-31,43.77,GBP
253,Angular Patterns,978-100-000-025-3,2020-05-01,11.31,GBP
254,GCP Mastery,978-100-000-025-4,2020-10-05,25.42,EUR
255,Elixir Patterns,978-100-000-025-5,2020-06-23,91.04,USD
256,Data Science Guide,978-100-000-025-6,2020-08-27,34.28,EUR
257,GCP in 24 Hours,978-100-000-025-7,2020-04-19,59.26,EUR
258,Angular Deep Dive,978-100-000-025-8,2021-12-25,87.89,GBP
259,React Native for Beginners,978-100-000-025-9,2021-12-10,91.34,GBP
260,Elixir Patterns,978-100-000-026-0,2022-03-13,11.05,EUR
261,TypeScript Patterns,978-100-000-026-1,2020-11-19,23.06,EUR
262,Erlang Advanced,978-100-000-026-2,2022-02-02,33.38,GBP
263,Django Cookbook,978-100-000-026-3,2021-05-21,15.83,USD
264,PHP Crash Course,978-100-000-026-4,2020-08-15,61.41,USD
265,AI Demystified,978-100-000-026-5,2020-04-17,90.78,GBP
266,Rust Fundamentals,978-100-000-026-6,2021-11-26,67.12,USD
267,Kotlin Crash Course,978-100-000-026-7,2020-02-02,59.25,EUR
268,Kotlin Patterns,978-100-000-026-8,2020-09-10,38.51,EUR
269,Laravel for Beginners,978-100-000-026-9,2021-07-21,92.26,USD
270,C# Fundamentals,978-100-000-027-0,2021-02-03,68.95,USD
271,AI Essentials,978-100-000-027-1,2021-12-07,53.74,EUR
272,Machine Learning Advanced,978-100-000-027-2,2021-12-22,81.72,EUR
273,Cybersecurity Guide,978-100-000-027-3,2020-04-16,45.29,EUR
274,DevOps Advanced,978-100-000-027-4,2021-04-23,50.90,GBP
275,Go Crash Course,978-100-000-027-5,2022-06-28,37.45,USD
276,GCP Cookbook,978-100-000-027-6,2020-01-25,57.96,EUR
277,C# Cookbook,978-100-000-027-7,2022-07-05,43.32,GBP
278,Kubernetes Patterns,978-100-000-027-8,2022-07-19,54.71,USD
279,Haskell Patterns,978-100-000-027-9,2020-08-18,97.49,GBP
280,Django Cookbook,978-100-000-028-0,2021-01-06,79.25,USD
281,Angular Patterns,978-100-000-028-1,2020-09-22,16.70,USD
282,Spring Guide,978-100-000-028-2,2022-06-17,28.13,GBP
283,React Native Advanced,978-100-000-028-3,2020-04-29,56.03,EUR
284,TypeScript Demystified,978-100-000-028-4,2020-01-05,76.45,EUR
285,Erlang in 24 Hours,978-100-000-028-5,2022-02-25,21.43,USD
286,Scala in 24 Hours,978-100-000-028-6,2021-07-22,75.30,EUR
287,C# in 24 Hours,978-100-000-028-7,2020-09-05,13.73,EUR
288,Kubernetes Handbook,978-100-000-028-8,2021-11-08,97.79,USD
289,Blockchain for Beginners,978-100-000-028-9,2022-06-29,36.23,USD
290,Java Fundamentals,978-100-000-029-0,2021-05-09,39.23,EUR
291,Kubernetes for Beginners,978-100-000-029-1,2022-08-21,42.62,USD
292,C# Patterns,978-100-000-029-2,2022-06-03,59.60,GBP
293,AI Essentials,978-100-000-029-3,2022-09-16,14.01,EUR
294,JavaScript in Action,978-100-000-029-4,2021-05-29,28.68,USD
295,AI in 24 Hours,978-100-000-029-5,2021-05-22,84.31,GBP
296,Blockchain Cookbook,978-100-000-029-6,2021-09-18,99.42,GBP
297,Spring Fundamentals,978-100-000-029-7,2020-05-28,25.21,GBP
298,AWS in Action,978-100-000-029-8,2020-04-10,88.73,USD
299,Flutter Advanced,978-100-000-029-9,2020-04-12,94.58,GBP
300,Go Advanced,978-100-000-030-0,2020-03-17,77.99,EUR
301,TypeScript Guide,978-100-000-030-1,2022-07-26,73.76,USD
302,Blockchain for Beginners,978-100-000-030-2,2021-07-06,24.05,USD
303,C++ Crash Course,978-100-000-030-3,2020-03-28,33.08,USD
304,Rust Mastery,978-100-000-030-4,2021-10-18,43.05,GBP
305,React Crash Course,978-100-000-030-5,2022-06-04,87.98,EUR
306,Swift Deep Dive,978-100-000-030-6,2020-11-01,31.17,EUR
307,Swift Fundamentals,978-100-000-030-7,2022-07-27,45.89,USD
308,Java for Beginners,978-100-000-030-8,2020-09-30,28.50,GBP
309,Django Mastery,978-100-000-030-9,2021-09-23,48.07,GBP
310,Swift Deep Dive,978-100-000-031-0,2022-04-17,10.32,EUR
311,Java Demystified,978-100-000-031-1,2020-01-12,78.96,EUR
312,AWS Essentials,978-100-000-031-2,2020-09-25,31.39,USD
313,Erlang for Beginners,978-100-000-031-3,2020-12-10,90.98,GBP
314,JavaScript Cookbook,978-100-000-031-4,2021-03-11,55.58,GBP
315,Kubernetes Essentials,978-100-000-031-5,2022-09-05,33.93,GBP
316,Java Demystified,978-100-000-031-6,2022-05-09,30.69,GBP
317,Docker Cookbook,978-100-000-031-7,2021-08-04,94.29,EUR
318,GCP Crash Course,978-100-000-031-8,2020-11-03,95.36,EUR
319,Machine Learning in Action,978-100-000-031-9,2021-10-23,45.10,USD
320,Rust Fundamentals,978-100-000-032-0,2021-03-21,94.62,EUR
321,Vue Handbook,978-100-000-032-1,2021-06-18,68.03,EUR
322,Angular Patterns,978-100-000-032-2,2020-06-25,53.38,USD
323,TypeScript in Action,978-100-000-032-3,2020-08-05,91.73,EUR
324,Angular for Beginners,978-100-000-032-4,2020-11-11,59.88,GBP
325,Go Cookbook,978-100-000-032-5,2022-02-18,45.53,USD
326,Cybersecurity in 24 Hours,978-100-000-032-6,2020-10-31,24.83,GBP
327,Machine Learning Mastery,978-100-000-032-7,2022-09-26,20.14,EUR
328,Angular Patterns,978-100-000-032-8,2022-06-27,45.00,EUR
329,Vue for Beginners,978-100-000-032-9,2021-12-15,40.52,GBP
330,Go Guide,978-100-000-033-0,2020-01-17,99.78,USD
331,Laravel Guide,978-100-000-033-1,2021-02-12,75.10,EUR
332,Data Science in Action,978-100-000-033-2,2021-09-20,56.52,GBP
333,AWS for Beginners,978-100-000-033-3,2022-05-25,93.24,USD
334,Vue Essentials,978-100-000-033-4,2022-02-20,96.19,USD
335,C++ Advanced,978-100-000-033-5,2020-04-18,91.45,GBP
336,Elixir Cookbook,978-100-000-033-6,2022-05-15,15.00,EUR
337,Laravel Crash Course,978-100-000-033-7,2020-11-26,37.28,GBP
338,AI Deep Dive,978-100-000-033-8,2020-12-11,74.25,GBP
339,Go Patterns,978-100-000-033-9,2021-06-22,58.87,GBP
340,Docker Cookbook,978-100-000-034-0,2022-04-16,53.00,USD
341,Azure Cookbook,978-100-000-034-1,2020-06-27,61.04,EUR
342,Python Handbook,978-100-000-034-2,2021-09-04,17.91,GBP
343,Flutter Guide,978-100-000-034-3,2022-02-11,54.71,EUR
344,Machine Learning Guide,978-100-000-034-4,2021-04-29,10.98,GBP
345,Kotlin Mastery,978-100-000-034-5,2022-07-25,97.21,EUR
346,Haskell Crash Course,978-100-000-034-6,2020-03-10,48.91,USD
347,Docker in Action,978-100-000-034-7,2021-03-11,75.75,USD
348,Angular Handbook,978-100-000-034-8,2020-06-02,64.79,USD
349,JavaScript Handbook,978-100-000-034-9,2022-08-02,83.82,USD
350,Erlang Demystified,978-100-000-035-0,2021-09-30,65.66,GBP
351,Azure Deep Dive,978-100-000-035-1,2021-04-11,66.11,EUR
352,Erlang Crash Course,978-100-000-035-2,2022-06-26,26.00,EUR
353,Swift Mastery,978-100-000-035-3,2022-02-26,71.34,USD
354,Docker in 24 Hours,978-100-000-035-4,2022-06-20,74.49,GBP
355,Kubernetes Fundamentals,978-100-000-035-5,2021-10-25,73.52,USD
356,Erlang in Action,978-100-000-035-6,2020-06-09,87.46,EUR
357,Kubernetes Fundamentals,978-100-000-035-7,2020-07-30,19.27,USD
358,DevOps Cookbook,978-100-000-035-8,2021-02-10,50.75,USD
359,Angular in 24 Hours,978-100-000-035-9,2021-10-20,26.10,USD
360,Django Cookbook,978-100-000-036-0,2020-06-27,37.87,GBP
361,Scala Essentials,978-100-000-036-1,2020-11-16,41.23,EUR
362,Cybersecurity in 24 Hours,978-100-000-036-2,2020-07-08,76.28,USD
363,Haskell for Beginners,978-100-000-036-3,2021-05-14,31.80,GBP
364,DevOps Essentials,978-100-000-036-4,2022-06-19,16.96,GBP
365,Laravel for Beginners,978-100-000-036-5,2022-04-25,95.48,GBP
366,Django Handbook,978-100-000-036-6,2021-11-16,73.30,USD
367,Elixir Mastery,978-100-000-036-7,2022-02-26,69.49,GBP
368,Elixir for Beginners,978-100-000-036-8,2020-06-28,10.08,USD
369,Data Science in 24 Hours,978-100-000-036-9,2022-03-11,65.14,EUR
370,AI Handbook,978-100-000-037-0,2021-10-10,87.43,GBP
371,Kubernetes Essentials,978-100-000-037-1,2020-03-18,96.83,GBP
372,Python Essentials,978-100-000-037-2,2022-09-24,85.20,GBP
373,AI Fundamentals,978-100-000-037-3,2022-07-22,85.89,EUR
374,React for Beginners,978-100-000-037-4,2021-10-12,56.25,EUR
375,DevOps Guide,978-100-000-037-5,2021-05-16,70.27,GBP
376,React Native Fundamentals,978-100-000-037-6,2020-04-28,15.28,GBP
377,Flask Mastery,978-100-000-037-7,2020-12-20,36.87,GBP
378,Go for Beginners,978-100-000-037-8,2021-11-25,21.75,USD
379,Blockchain Fundamentals,978-100-000-037-9,2020-10-07,64.97,USD
380,Flask Guide,978-100-000-038-0,2022-03-23,83.60,EUR
381,DevOps Guide,978-100-000-038-1,2022-09-04,44.33,EUR
382,Erlang Handbook,978-100-000-038-2,2021-03-20,85.77,EUR
383,JavaScript Crash Course,978-100-000-038-3,2021-07-07,94.65,EUR
384,Haskell Crash Course,978-100-000-038-4,2020-06-30,71.86,GBP
385,Swift Crash Course,978-100-000-038-5,2020-04-24,58.52,EUR
386,Go Demystified,978-100-000-038-6,2020-12-18,73.65,GBP
387,React Native Essentials,978-100-000-038-7,2020-02-01,70.09,GBP
388,Data Science in 24 Hours,978-100-000-038-8,2021-09-08,15.59,GBP
389,Ruby in 24 Hours,978-100-000-038-9,2021-12-04,78.56,GBP
390,GCP Fundamentals,978-100-000-039-0,2021-02-22,61.19,EUR
391,Rust Patterns,978-100-000-039-1,2021-09-09,38.00,GBP
392,Erlang Mastery,978-100-000-039-2,2022-02-17,26.50,EUR
393,React Native Advanced,978-100-000-039-3,2020-07-14,14.39,EUR
394,Java for Beginners,978-100-000-039-4,2020-01-11,96.80,EUR
395,Docker Patterns,978-100-000-039-5,2020-01-09,54.16,EUR
396,GCP for Beginners,978-100-000-039-6,2020-06-07,88.48,USD
397,AI Advanced,978-100-000-039-7,2021-09-06,33.68,USD
398,Laravel in 24 Hours,978-100-000-039-8,2021-07-30,14.97,USD
399,Java Crash Course,978-100-000-039-9,2021-01-09,24.08,GBP
400,Swift Crash Course,978-100-000-040-0,2022-02-08,10.43,USD
401,Django Mastery,978-100-000-040-1,2020-08-07,33.47,GBP
402,JavaScript Essentials,978-100-000-040-2,2021-05-27,78.10,GBP
403,Cybersecurity Demystified,978-100-000-040-3,2020-02-22,99.42,USD
404,Machine Learning Crash Course,978-100-000-040-4,2020-11-25,83.04,EUR
405,Python for Beginners,978-100-000-040-5,2020-05-19,77.61,USD
406,C# Handbook,978-100-000-040-6,2022-01-05,72.23,USD
407,Ruby Mastery,978-100-000-040-7,2022-02-04,15.75,USD
408,Ruby Essentials,978-100-000-040-8,2020-12-29,99.71,EUR
409,Flutter Crash Course,978-100-000-040-9,2020-03-21,74.60,USD
410,PHP Essentials,978-100-000-041-0,2020-05-01,30.45,USD
411,Flask Handbook,978-100-000-041-1,2020-08-09,59.59,USD
412,Kubernetes in Action,978-100-000-041-2,2022-01-26,25.31,GBP
413,Cybersecurity Advanced,978-100-000-041-3,2021-05-29,35.35,USD
414,AWS Essentials,978-100-000-041-4,2021-02-11,39.12,GBP
415,Go Demystified,978-100-000-041-5,2022-04-06,74.64,USD
416,Ruby Fundamentals,978-100-000-041-6,2020-05-11,73.77,GBP
417,Elixir Patterns,978-100-000-041-7,2022-08-15,88.82,EUR
418,Docker Demystified,978-100-000-041-8,2020-07-14,18.28,GBP
419,Ruby Deep Dive,978-100-000-041-9,2020-03-04,62.39,USD
420,GCP Crash Course,978-100-000-042-0,2021-03-05,64.01,USD
421,Machine Learning Patterns,978-100-000-042-1,2022-03-16,57.00,EUR
422,Azure in Action,978-100-000-042-2,2020-07-28,29.57,USD
423,React Native Cookbook,978-100-000-042-3,2021-09-24,40.84,EUR
424,C# Crash Course,978-100-000-042-4,2021-02-25,18.76,GBP
425,GCP Mastery,978-100-000-042-5,2020-08-21,30.12,USD
426,React Native Crash Course,978-100-000-042-6,2020-10-01,22.11,EUR
427,PHP Guide,978-100-000-042-7,2021-04-28,72.09,GBP
428,Rust Cookbook,978-100-000-042-8,2021-01-01,53.34,EUR
429,Rust Mastery,978-100-000-042-9,2020-09-10,95.78,USD
430,Django in 24 Hours,978-100-000-043-0,2020-08-18,28.75,EUR
431,Elixir Deep Dive,978-100-000-043-1,2021-02-13,97.75,USD
432,Kotlin Handbook,978-100-000-043-2,2022-05-13,17.21,GBP
433,Go in 24 Hours,978-100-000-043-3,2022-01-23,52.74,EUR
434,Ruby Mastery,978-100-000-043-4,2021-09-25,61.69,GBP
435,Laravel for Beginners,978-100-000-043-5,2020-12-28,54.02,USD
436,TypeScript Patterns,978-100-000-043-6,2021-03-28,74.18,GBP
437,Kubernetes Essentials,978-100-000-043-7,2022-05-12,60.51,GBP
438,Docker Essentials,978-100-000-043-8,2020-02-26,75.75,EUR
439,TypeScript Handbook,978-100-000-043-9,2021-01-27,49.27,EUR
440,Angular Advanced,978-100-000-044-0,2021-12-27,49.93,USD
441,C++ Cookbook,978-100-000-044-1,2022-02-16,41.72,EUR
442,C# Crash Course,978-100-000-044-2,2022-08-13,80.18,USD
443,Flask Guide,978-100-000-044-3,2022-05-21,20.24,EUR
444,Kubernetes Crash Course,978-100-000-044-4,2020-04-24,34.82,USD
445,Spring in 24 Hours,978-100-000-044-5,2020-04-07,54.95,GBP
446,C# for Beginners,978-100-000-044-6,2021-08-26,40.42,USD
447,Cybersecurity Fundamentals,978-100-000-044-7,2021-01-06,47.46,EUR
448,Go Advanced,978-100-000-044-8,2020-12-07,44.66,GBP
449,C# Crash Course,978-100-000-044-9,2021-04-16,87.99,GBP
450,Kubernetes Advanced,978-100-000-045-0,2020-11-12,49.62,EUR
451,AWS Patterns,978-100-000-045-1,2022-03-20,87.32,GBP
452,TypeScript for Beginners,978-100-000-045-2,2020-11-26,70.64,USD
453,JavaScript in 24 Hours,978-100-000-045-3,2020-09-17,88.98,EUR
454,Blockchain Guide,978-100-000-045-4,2020-07-28,80.19,EUR
455,Machine Learning Fundamentals,978-100-000-045-5,2022-04-08,15.38,EUR
456,Docker Deep Dive,978-100-000-045-6,2020-01-03,96.27,EUR
457,Java in Action,978-100-000-045-7,2020-06-10,36.11,GBP
458,Go in 24 Hours,978-100-000-045-8,2020-03-13,39.13,GBP
459,Flask Demystified,978-100-000-045-9,2020-09-17,43.12,EUR
460,AI for Beginners,978-100-000-046-0,2020-03-10,72.99,GBP
461,Cybersecurity Essentials,978-100-000-046-1,2021-02-20,94.44,USD
462,Machine Learning Demystified,978-100-000-046-2,2021-10-30,33.16,GBP
463,Go Mastery,978-100-000-046-3,2022-06-19,38.82,GBP
464,React Deep Dive,978-100-000-046-4,2021-01-19,88.32,GBP
465,Spring Demystified,978-100-000-046-5,2021-11-05,80.60,GBP
466,Machine Learning Essentials,978-100-000-046-6,2020-11-25,94.60,EUR
467,TypeScript Essentials,978-100-000-046-7,2020-10-14,33.55,EUR
468,C++ Deep Dive,978-100-000-046-8,2020-09-06,69.32,USD
469,Haskell Crash Course,978-100-000-046-9,2022-09-12,29.66,GBP
470,JavaScript in 24 Hours,978-100-000-047-0,2022-07-28,67.06,EUR
471,AI in Action,978-100-000-047-1,2020-10-24,37.25,EUR
472,AWS Guide,978-100-000-047-2,2022-03-28,89.42,EUR
473,Kubernetes Deep Dive,978-100-000-047-3,2020-12-04,41.93,USD
474,Laravel Fundamentals,978-100-000-047-4,2020-09-30,16.18,EUR
475,Flask Guide,978-100-000-047-5,2021-02-16,80.53,USD
476,Spring in 24 Hours,978-100-000-047-6,2021-12-09,15.77,USD
477,Kotlin Demystified,978-100-000-047-7,2021-09-10,53.58,GBP
478,AI in Action,978-100-000-047-8,2021-01-27,28.92,EUR
479,Laravel Patterns,978-100-000-047-9,2020-07-07,63.13,USD
480,Go in 24 Hours,978-100-000-048-0,2021-02-19,99.78,USD
481,Spring in 24 Hours,978-100-000-048-1,2022-04-11,39.82,USD
482,Elixir Guide,978-100-000-048-2,2021-10-04,20.12,GBP
483,Machine Learning Demystified,978-100-000-048-3,2020-03-18,93.71,USD
484,Ruby in Action,978-100-000-048-4,2021-12-31,15.06,USD
485,Ruby in Action,978-100-000-048-5,2020-01-15,75.71,GBP
486,Elixir Fundamentals,978-100-000-048-6,2020-11-23,15.32,USD
487,C# Guide,978-100-000-048-7,2020-09-19,32.17,GBP
488,Go Crash Course,978-100-000-048-8,2020-07-05,60.79,USD
489,C++ Advanced,978-100-000-048-9,2022-06-11,72.13,EUR
490,Blockchain Deep Dive,978-100-000-049-0,2021-07-26,74.96,USD
491,Vue Mastery,978-100-000-049-1,2021-10-04,57.61,GBP
492,AWS Fundamentals,978-100-000-049-2,2021-07-26,60.31,EUR
493,React in 24 Hours,978-100-000-049-3,2020-05-11,83.34,GBP
494,Rust in 24 Hours,978-100-000-049-4,2020-11-22,22.27,EUR
495,JavaScript Handbook,978-100-000-049-5,2022-09-06,22.41,GBP
496,TypeScript for Beginners,978-100-000-049-6,2020-04-02,80.76,EUR
497,Vue Essentials,978-100-000-049-7,2022-05-22,10.10,GBP
498,Erlang Patterns,978-100-000-049-8,2020-10-22,19.71,GBP
499,JavaScript in Action,978-100-000-049-9,2020-09-14,98.99,USD
500,PHP Handbook,978-100-000-050-0,2022-03-24,77.91,GBP
501,Azure Patterns,978-100-000-050-1,2020-12-01,14.63,GBP
502,Kubernetes Fundamentals,978-100-000-050-2,2020-12-03,35.18,USD
503,Ruby Advanced,978-100-000-050-3,2020-03-23,31.57,USD
504,GCP for Beginners,978-100-000-050-4,2022-02-28,25.19,EUR
505,Laravel Mastery,978-100-000-050-5,2021-05-15,60.04,EUR
506,React Native Cookbook,978-100-000-050-6,2022-04-24,23.41,GBP
507,GCP Fundamentals,978-100-000-050-7,2021-04-22,97.82,USD
508,Elixir Guide,978-100-000-050-8,2022-01-22,79.04,EUR
509,React Native Guide,978-100-000-050-9,2022-02-22,95.54,USD
510,Spring Guide,978-100-000-051-0,2022-04-24,26.16,EUR
511,Python in Action,978-100-000-051-1,2020-10-02,47.44,EUR
512,JavaScript Deep Dive,978-100-000-051-2,2020-12-06,44.13,GBP
513,Scala for Beginners,978-100-000-051-3,2021-05-04,56.69,EUR
514,Cybersecurity in 24 Hours,978-100-000-051-4,2021-02-15,35.13,EUR
515,Go Mastery,978-100-000-051-5,2022-02-09,27.16,EUR
516,Vue Cookbook,978-100-000-051-6,2020-01-24,81.31,USD
517,Azure Handbook,978-100-000-051-7,2021-12-29,47.94,EUR
518,Elixir Crash Course,978-100-000-051-8,2021-09-17,59.85,GBP
519,Ruby for Beginners,978-100-000-051-9,2021-10-14,34.08,USD
520,Scala for Beginners,978-100-000-052-0,2021-01-23,91.95,USD
521,React Demystified,978-100-000-052-1,2021-04-19,44.49,GBP
522,Scala Guide,978-100-000-052-2,2020-08-03,60.11,USD
523,React Native Demystified,978-100-000-052-3,2022-02-13,47.74,EUR
524,Flutter Crash Course,978-100-000-052-4,2021-02-08,13.66,GBP
525,Laravel Guide,978-100-000-052-5,2020-09-08,80.67,GBP
526,GCP Cookbook,978-100-000-052-6,2022-09-26,66.86,USD
527,Flask Deep Dive,978-100-000-052-7,2022-07-07,35.83,USD
528,Erlang in 24 Hours,978-100-000-052-8,2020-02-19,39.00,USD
529,Ruby for Beginners,978-100-000-052-9,2021-07-26,35.85,GBP
530,React Native Handbook,978-100-000-053-0,2020-04-25,52.70,EUR
531,Flask Cookbook,978-100-000-053-1,2022-06-27,73.90,EUR
532,Ruby Fundamentals,978-100-000-053-2,2022-04-10,33.66,EUR
533,Kotlin Essentials,978-100-000-053-3,2020-10-19,29.39,GBP
534,Docker Cookbook,978-100-000-053-4,2022-09-17,12.35,GBP
535,JavaScript Cookbook,978-100-000-053-5,2022-07-15,85.42,EUR
536,Blockchain in 24 Hours,978-100-000-053-6,2022-06-26,55.78,USD
537,AWS Crash Course,978-100-000-053-7,2021-01-12,11.74,EUR
538,Kotlin Guide,978-100-000-053-8,2020-09-25,71.99,GBP
539,Vue Essentials,978-100-000-053-9,2021-08-25,34.58,EUR
540,Elixir Essentials,978-100-000-054-0,2020-11-09,75.58,EUR
541,Scala in 24 Hours,978-100-000-054-1,2020-11-27,76.10,GBP
542,TypeScript Essentials,978-100-000-054-2,2022-01-15,39.76,USD
543,Cybersecurity Mastery,978-100-000-054-3,2020-12-21,63.38,EUR
544,Data Science Mastery,978-100-000-054-4,2020-02-18,73.72,GBP
545,Kotlin Handbook,978-100-000-054-5,2021-05-21,75.54,EUR
546,DevOps Advanced,978-100-000-054-6,2020-11-04,19.49,GBP
547,Data Science Fundamentals,978-100-000-054-7,2022-03-02,33.57,EUR
548,Kubernetes Fundamentals,978-100-000-054-8,2022-09-21,20.81,GBP
549,PHP in Action,978-100-000-054-9,2021-12-29,57.97,EUR
550,Kotlin Handbook,978-100-000-055-0,2020-04-02,53.63,EUR
551,Rust Cookbook,978-100-000-055-1,2020-04-09,47.71,GBP
552,Ruby Handbook,978-100-000-055-2,2021-07-09,72.88,USD
553,AWS Essentials,978-100-000-055-3,2020-09-12,38.40,GBP
554,C# Essentials,978-100-000-055-4,2020-01-05,24.22,GBP
555,Angular Crash Course,978-100-000-055-5,2020-12-17,86.03,EUR
556,Elixir Cookbook,978-100-000-055-6,2020-12-01,54.73,GBP
557,Azure in 24 Hours,978-100-000-055-7,2022-09-04,69.01,GBP
558,Django Fundamentals,978-100-000-055-8,2021-03-02,29.03,EUR
559,AWS Patterns,978-100-000-055-9,2022-01-07,30.20,USD
560,Spring Essentials,978-100-000-056-0,2022-01-12,75.01,GBP
561,Laravel Advanced,978-100-000-056-1,2022-01-16,81.99,USD
562,AWS Deep Dive,978-100-000-056-2,2020-02-21,97.84,USD
563,Spring Handbook,978-100-000-056-3,2020-04-14,54.18,EUR
564,AI Deep Dive,978-100-000-056-4,2020-11-08,99.95,GBP
565,Python Deep Dive,978-100-000-056-5,2021-05-02,89.00,EUR
566,Haskell Handbook,978-100-000-056-6,2020-04-18,24.29,USD
567,Django Handbook,978-100-000-056-7,2022-02-15,21.79,GBP
568,Scala Fundamentals,978-100-000-056-8,2022-02-19,28.22,EUR
569,C# Patterns,978-100-000-056-9,2022-01-13,28.34,GBP
570,PHP Advanced,978-100-000-057-0,2021-02-05,61.84,EUR
571,Ruby Cookbook,978-100-000-057-1,2021-06-09,15.62,USD
572,Elixir for Beginners,978-100-000-057-2,2022-05-14,39.71,GBP
573,Ruby Mastery,978-100-000-057-3,2022-06-09,64.15,USD
574,Go Fundamentals,978-100-000-057-4,2022-05-22,58.43,USD
575,Angular Deep Dive,978-100-000-057-5,2021-05-13,60.85,EUR
576,PHP Essentials,978-100-000-057-6,2021-06-29,86.13,EUR
577,Docker in 24 Hours,978-100-000-057-7,2020-06-27,91.66,USD
578,Vue in Action,978-100-000-057-8,2020-08-19,22.38,GBP
579,DevOps Patterns,978-100-000-057-9,2020-04-28,24.72,EUR
580,JavaScript Patterns,978-100-000-058-0,2020-10-20,84.81,GBP
581,DevOps Guide,978-100-000-058-1,2020-06-05,58.71,USD
582,Java Patterns,978-100-000-058-2,2022-02-19,50.92,USD
583,AWS Crash Course,978-100-000-058-3,2021-09-23,20.34,EUR
584,React Native Patterns,978-100-000-058-4,2022-02-15,15.87,EUR
585,Python Handbook,978-100-000-058-5,2022-06-20,46.02,GBP
586,JavaScript Handbook,978-100-000-058-6,2021-07-21,50.23,EUR
587,Angular Mastery,978-100-000-058-7,2021-12-22,84.99,USD
588,Rust in Action,978-100-000-058-8,2022-05-15,31.96,EUR
589,GCP for Beginners,978-100-000-058-9,2022-05-09,33.50,GBP
590,React in Action,978-100-000-059-0,2021-04-27,47.62,USD
591,TypeScript Deep Dive,978-100-000-059-1,2021-04-24,32.06,GBP
592,C++ Mastery,978-100-000-059-2,2021-09-25,49.67,USD
593,C++ Handbook,978-100-000-059-3,2020-08-14,66.18,EUR
594,React in 24 Hours,978-100-000-059-4,2022-04-05,76.36,USD
595,Rust Patterns,978-100-000-059-5,2022-09-20,28.93,EUR
596,TypeScript Essentials,978-100-000-059-6,2021-12-20,37.12,USD
597,Swift Crash Course,978-100-000-059-7,2020-08-04,22.50,GBP
598,Swift Essentials,978-100-000-059-8,2021-01-16,86.66,USD
599,Machine Learning Demystified,978-100-000-059-9,2020-09-22,58.08,USD
600,Data Science Cookbook,978-100-000-060-0,2020-09-09,34.70,USD
601,React Native Deep Dive,978-100-000-060-1,2020-03-25,93.09,GBP
602,Vue in 24 Hours,978-100-000-060-2,2021-08-15,21.63,USD
603,AI Fundamentals,978-100-000-060-3,2020-01-30,48.27,GBP
604,Kotlin Essentials,978-100-000-060-4,2020-04-11,61.81,GBP
605,Data Science Essentials,978-100-000-060-5,2021-12-13,90.32,EUR
606,Python in Action,978-100-000-060-6,2020-04-29,17.77,GBP
607,Kubernetes Guide,978-100-000-060-7,2022-06-03,23.81,USD
608,Elixir Guide,978-100-000-060-8,2021-12-05,50.42,EUR
609,C# Guide,978-100-000-060-9,2020-04-18,40.42,USD
610,Django Crash Course,978-100-000-061-0,2022-07-14,55.60,EUR
611,Java Patterns,978-100-000-061-1,2021-06-29,55.61,USD
612,AWS Demystified,978-100-000-061-2,2020-03-26,18.36,EUR
613,Kubernetes for Beginners,978-100-000-061-3,2021-09-06,72.36,EUR
614,Flask Patterns,978-100-000-061-4,2021-03-17,18.93,USD
615,C++ Handbook,978-100-000-061-5,2020-12-18,88.08,GBP
616,Scala Fundamentals,978-100-000-061-6,2021-02-16,40.01,EUR
617,Go Handbook,978-100-000-061-7,2020-04-26,26.03,GBP
618,Scala Deep Dive,978-100-000-061-8,2022-08-01,50.40,USD
619,Scala in Action,978-100-000-061-9,2022-07-03,59.98,EUR
620,Python Mastery,978-100-000-062-0,2020-06-16,88.74,GBP
621,Python Handbook,978-100-000-062-1,2020-12-31,11.50,GBP
622,Angular Essentials,978-100-000-062-2,2022-09-18,42.60,EUR
623,DevOps Essentials,978-100-000-062-3,2022-07-09,38.47,EUR
624,React Native Cookbook,978-100-000-062-4,2020-07-29,70.13,GBP
625,Docker Fundamentals,978-100-000-062-5,2021-08-16,99.70,USD
626,TypeScript for Beginners,978-100-000-062-6,2022-02-13,92.55,EUR
627,Ruby in Action,978-100-000-062-7,2020-03-05,40.69,GBP
628,Data Science in 24 Hours,978-100-000-062-8,2020-03-10,14.93,GBP
629,React Native Advanced,978-100-000-062-9,2021-01-07,76.79,USD
630,React Native Patterns,978-100-000-063-0,2021-05-02,54.42,EUR
631,DevOps Demystified,978-100-000-063-1,2021-04-18,53.39,GBP
632,C# in 24 Hours,978-100-000-063-2,2021-03-01,46.02,EUR
633,Azure Fundamentals,978-100-000-063-3,2021-01-22,61.25,GBP
634,C++ Cookbook,978-100-000-063-4,2020-06-27,34.51,USD
635,Swift Cookbook,978-100-000-063-5,2022-04-06,22.38,GBP
636,DevOps Mastery,978-100-000-063-6,2020-07-15,75.15,EUR
637,Laravel Mastery,978-100-000-063-7,2020-07-03,96.67,EUR
638,TypeScript Deep Dive,978-100-000-063-8,2020-02-12,23.14,USD
639,Kubernetes in 24 Hours,978-100-000-063-9,2021-02-27,98.00,USD
640,Kubernetes in Action,978-100-000-064-0,2021-09-24,28.57,USD
641,GCP Advanced,978-100-000-064-1,2022-01-06,13.94,USD
642,Rust Demystified,978-100-000-064-2,2021-08-09,83.91,GBP
643,Java for Beginners,978-100-000-064-3,2020-04-21,38.95,EUR
644,Ruby Guide,978-100-000-064-4,2022-05-17,38.97,GBP
645,Swift Advanced,978-100-000-064-5,2021-11-27,85.46,USD
646,C++ for Beginners,978-100-000-064-6,2020-04-14,15.10,GBP
647,Docker Essentials,978-100-000-064-7,2020-04-05,24.12,USD
648,Cybersecurity Cookbook,978-100-000-064-8,2022-02-12,58.99,GBP
649,Scala Demystified,978-100-000-064-9,2021-11-27,62.16,USD
650,Laravel for Beginners,978-100-000-065-0,2020-10-15,11.81,USD
651,Rust Advanced,978-100-000-065-1,2020-04-28,84.52,GBP
652,PHP Handbook,978-100-000-065-2,2020-08-02,40.20,GBP
653,Erlang Cookbook,978-100-000-065-3,2022-05-31,52.24,GBP
654,Spring for Beginners,978-100-000-065-4,2021-12-08,54.43,GBP
655,Rust Handbook,978-100-000-065-5,2020-08-08,56.95,GBP
656,Kotlin Mastery,978-100-000-065-6,2021-07-18,19.29,EUR
657,Kubernetes Fundamentals,978-100-000-065-7,2020-06-08,16.75,USD
658,Python Patterns,978-100-000-065-8,2020-03-12,80.53,USD
659,Swift Cookbook,978-100-000-065-9,2020-10-06,89.68,GBP
660,JavaScript Deep Dive,978-100-000-066-0,2021-03-17,16.70,EUR
661,Spring Guide,978-100-000-066-1,2021-09-12,33.08,EUR
662,C++ Deep Dive,978-100-000-066-2,2021-11-17,79.34,GBP
663,Java Patterns,978-100-000-066-3,2021-11-09,34.02,USD
664,React in 24 Hours,978-100-000-066-4,2022-05-12,93.83,EUR
665,Erlang for Beginners,978-100-000-066-5,2020-10-14,69.99,USD
666,Python Patterns,978-100-000-066-6,2021-08-02,24.67,GBP
667,Kubernetes in 24 Hours,978-100-000-066-7,2020-11-05,58.08,USD
668,Scala Deep Dive,978-100-000-066-8,2020-09-04,81.19,GBP
669,Haskell in Action,978-100-000-066-9,2021-05-01,17.55,GBP
670,TypeScript in 24 Hours,978-100-000-067-0,2022-01-09,15.96,GBP
671,Vue Handbook,978-100-000-067-1,2022-06-01,37.54,GBP
672,Flask for Beginners,978-100-000-067-2,2022-05-16,46.24,USD
673,Docker Patterns,978-100-000-067-3,2022-07-31,37.53,EUR
674,React Native Essentials,978-100-000-067-4,2021-06-16,94.53,GBP
675,Docker in Action,978-100-000-067-5,2021-08-12,19.34,GBP
676,C# Mastery,978-100-000-067-6,2021-10-20,15.12,USD
677,Blockchain Cookbook,978-100-000-067-7,2021-01-29,83.69,USD
678,Swift in Action,978-100-000-067-8,2021-02-28,51.73,EUR
679,Data Science Cookbook,978-100-000-067-9,2020-04-16,58.63,GBP
680,Go Cookbook,978-100-000-068-0,2020-10-23,42.32,EUR
681,C++ Demystified,978-100-000-068-1,2020-03-01,89.99,USD
682,Go in Action,978-100-000-068-2,2020-04-17,29.36,GBP
683,PHP Essentials,978-100-000-068-3,2021-05-25,58.07,EUR
684,C# in 24 Hours,978-100-000-068-4,2021-06-21,32.97,GBP
685,Vue Essentials,978-100-000-068-5,2022-03-17,80.89,USD
686,Django Demystified,978-100-000-068-6,2021-03-16,25.45,USD
687,PHP Fundamentals,978-100-000-068-7,2021-03-11,40.51,EUR
688,Django Deep Dive,978-100-000-068-8,2021-10-30,34.99,GBP
689,Azure Guide,978-100-000-068-9,2021-02-23,57.40,GBP
690,Swift Handbook,978-100-000-069-0,2021-11-04,94.38,GBP
691,Java Crash Course,978-100-000-069-1,2020-07-30,32.80,GBP
692,Data Science Patterns,978-100-000-069-2,2021-11-08,57.38,USD
693,Spring in 24 Hours,978-100-000-069-3,2020-02-25,18.64,EUR
694,Python Advanced,978-100-000-069-4,2022-01-23,89.54,EUR
695,React Native Demystified,978-100-000-069-5,2021-01-27,68.86,USD
696,React Guide,978-100-000-069-6,2022-09-06,79.38,GBP
697,GCP Demystified,978-100-000-069-7,2022-03-16,96.15,USD
698,Vue for Beginners,978-100-000-069-8,2022-04-15,90.18,GBP
699,Flask Guide,978-100-000-069-9,2022-05-31,74.03,EUR
700,Vue for Beginners,978-100-000-070-0,2021-09-25,38.67,EUR
701,Erlang Handbook,978-100-000-070-1,2020-01-14,55.50,GBP
702,Kubernetes Advanced,978-100-000-070-2,2021-04-29,74.54,USD
703,Ruby Deep Dive,978-100-000-070-3,2020-02-02,85.64,USD
704,C++ Handbook,978-100-000-070-4,2021-06-28,71.50,USD
705,Data Science Guide,978-100-000-070-5,2021-08-01,48.38,EUR
706,TypeScript Essentials,978-100-000-070-6,2022-04-08,51.68,EUR
707,TypeScript Patterns,978-100-000-070-7,2022-04-30,71.11,EUR
708,Go in Action,978-100-000-070-8,2021-07-02,44.83,GBP
709,Kotlin Guide,978-100-000-070-9,2020-04-05,85.86,USD
710,Ruby Essentials,978-100-000-071-0,2021-06-12,48.72,USD
711,Spring Deep Dive,978-100-000-071-1,2020-08-10,27.83,GBP
712,TypeScript Crash Course,978-100-000-071-2,2022-01-21,26.83,GBP
713,Data Science Essentials,978-100-000-071-3,2021-04-14,49.37,GBP
714,Swift Patterns,978-100-000-071-4,2022-05-12,13.49,EUR
715,Flask Cookbook,978-100-000-071-5,2021-02-13,99.57,USD
716,Scala Patterns,978-100-000-071-6,2020-11-17,31.31,EUR
717,Laravel in 24 Hours,978-100-000-071-7,2020-03-05,88.95,USD
718,Laravel Patterns,978-100-000-071-8,2021-01-09,68.87,GBP
719,Python Guide,978-100-000-071-9,2021-11-10,77.74,GBP
720,Spring Advanced,978-100-000-072-0,2022-09-17,95.48,EUR
721,Elixir Patterns,978-100-000-072-1,2022-02-17,26.77,EUR
722,AWS Mastery,978-100-000-072-2,2021-04-21,52.82,EUR
723,GCP Deep Dive,978-100-000-072-3,2022-01-17,97.42,GBP
724,C# Guide,978-100-000-072-4,2022-07-12,51.72,GBP
725,DevOps Crash Course,978-100-000-072-5,2021-08-27,10.21,EUR
726,AWS Cookbook,978-100-000-072-6,2021-10-30,96.92,GBP
727,Blockchain Demystified,978-100-000-072-7,2020-09-08,26.38,EUR
728,React for Beginners,978-100-000-072-8,2021-04-25,46.59,GBP
729,Haskell Crash Course,978-100-000-072-9,2022-02-25,34.50,EUR
730,React Native Advanced,978-100-000-073-0,2021-07-24,31.02,EUR
731,JavaScript Cookbook,978-100-000-073-1,2022-01-17,14.42,GBP
732,Haskell Crash Course,978-100-000-073-2,2021-11-09,66.02,EUR
733,Flutter Patterns,978-100-000-073-3,2022-01-02,79.54,EUR
734,Flutter Fundamentals,978-100-000-073-4,2020-03-25,72.12,GBP
735,Flutter for Beginners,978-100-000-073-5,2022-05-13,65.94,EUR
736,Python in Action,978-100-000-073-6,2020-09-02,64.99,EUR
737,Blockchain in 24 Hours,978-100-000-073-7,2022-08-05,96.82,EUR
738,Vue Demystified,978-100-000-073-8,2020-10-05,81.24,GBP
739,Go in 24 Hours,978-100-000-073-9,2022-09-21,28.95,USD
740,Docker Essentials,978-100-000-074-0,2020-10-14,50.53,EUR
741,Kotlin Handbook,978-100-000-074-1,2021-02-27,92.50,GBP
742,Elixir for Beginners,978-100-000-074-2,2022-05-02,90.58,GBP
743,Machine Learning Guide,978-100-000-074-3,2021-06-14,69.04,USD
744,PHP for Beginners,978-100-000-074-4,2021-08-04,93.04,GBP
745,C# Advanced,978-100-000-074-5,2022-04-04,49.41,GBP
746,Blockchain Demystified,978-100-000-074-6,2020-07-26,52.10,EUR
747,Spring in Action,978-100-000-074-7,2022-07-27,96.49,GBP
748,Cybersecurity Deep Dive,978-100-000-074-8,2022-06-15,12.75,EUR
749,GCP in Action,978-100-000-074-9,2021-12-18,58.33,USD
750,Data Science Mastery,978-100-000-075-0,2020-02-21,82.57,EUR
751,Cybersecurity Crash Course,978-100-000-075-1,2021-09-06,33.32,EUR
752,C++ Deep Dive,978-100-000-075-2,2020-02-03,39.80,EUR
753,Data Science Guide,978-100-000-075-3,2021-08-05,76.86,USD
754,Scala Essentials,978-100-000-075-4,2022-08-09,43.88,USD
755,AI Mastery,978-100-000-075-5,2022-09-19,58.69,USD
756,Spring Patterns,978-100-000-075-6,2020-03-26,15.53,GBP
757,Angular Advanced,978-100-000-075-7,2021-12-31,22.12,GBP
758,PHP Handbook,978-100-000-075-8,2021-01-18,91.97,USD
759,TypeScript Crash Course,978-100-000-075-9,2020-02-21,32.39,GBP
760,Blockchain Fundamentals,978-100-000-076-0,2020-02-21,28.92,EUR
761,TypeScript Mastery,978-100-000-076-1,2022-07-30,78.75,GBP
762,TypeScript Deep Dive,978-100-000-076-2,2020-06-18,38.70,EUR
763,Angular Advanced,978-100-000-076-3,2021-06-26,92.52,GBP
764,Machine Learning Deep Dive,978-100-000-076-4,2022-09-25,20.75,EUR
765,AWS for Beginners,978-100-000-076-5,2022-01-20,29.51,USD
766,Swift Fundamentals,978-100-000-076-6,2022-02-08,84.31,EUR
767,Erlang in Action,978-100-000-076-7,2021-05-09,73.37,GBP
768,Kotlin Crash Course,978-100-000-076-8,2021-03-22,32.08,GBP
769,Cybersecurity Essentials,978-100-000-076-9,2022-04-19,10.97,EUR
770,AWS Guide,978-100-000-077-0,2021-06-13,25.68,GBP
771,Vue Guide,978-100-000-077-1,2020-08-15,61.77,EUR
772,Ruby Essentials,978-100-000-077-2,2020-11-27,55.30,USD
773,Python Handbook,978-100-000-077-3,2020-04-04,19.54,EUR
774,Laravel Fundamentals,978-100-000-077-4,2021-03-08,44.39,GBP
775,C++ Mastery,978-100-000-077-5,2021-08-20,73.57,GBP
776,C# Advanced,978-100-000-077-6,2021-03-09,67.36,GBP
777,AI in 24 Hours,978-100-000-077-7,2020-11-07,12.67,EUR
778,Laravel in Action,978-100-000-077-8,2022-06-16,47.41,USD
779,Laravel Handbook,978-100-000-077-9,2020-11-15,20.87,EUR
780,AWS Deep Dive,978-100-000-078-0,2020-02-01,94.81,EUR
781,Elixir for Beginners,978-100-000-078-1,2020-07-13,19.03,GBP
782,PHP Essentials,978-100-000-078-2,2021-12-03,25.35,GBP
783,React in 24 Hours,978-100-000-078-3,2021-10-06,42.70,USD
784,Erlang Deep Dive,978-100-000-078-4,2021-12-26,55.54,EUR
785,Kubernetes Crash Course,978-100-000-078-5,2022-06-10,31.79,EUR
786,React Mastery,978-100-000-078-6,2021-10-19,88.70,USD
787,Elixir in 24 Hours,978-100-000-078-7,2020-05-25,82.58,GBP
788,AWS in Action,978-100-000-078-8,2022-06-25,87.60,EUR
789,Docker Guide,978-100-000-078-9,2022-01-25,81.53,EUR
790,Java Demystified,978-100-000-079-0,2022-07-02,86.96,GBP
791,Rust Demystified,978-100-000-079-1,2021-10-09,87.54,USD
792,Spring Handbook,978-100-000-079-2,2020-08-10,35.76,USD
793,Django Handbook,978-100-000-079-3,2020-10-20,24.29,EUR
794,Docker Advanced,978-100-000-079-4,2020-04-11,80.52,EUR
795,Ruby Essentials,978-100-000-079-5,2021-12-29,20.20,USD
796,AWS Essentials,978-100-000-079-6,2020-05-08,71.08,USD
797,Rust in Action,978-100-000-079-7,2020-10-20,71.45,EUR
798,Go Guide,978-100-000-079-8,2021-09-16,48.95,USD
799,React Demystified,978-100-000-079-9,2022-03-10,88.52,USD
800,Cybersecurity Handbook,978-100-000-080-0,2020-05-26,72.38,GBP
801,Cybersecurity Handbook,978-100-000-080-1,2022-03-18,76.41,USD
802,Python Patterns,978-100-000-080-2,2021-07-04,70.34,GBP
803,Haskell Fundamentals,978-100-000-080-3,2022-04-14,81.83,EUR
804,C++ Deep Dive,978-100-000-080-4,2022-06-20,26.03,EUR
805,React Handbook,978-100-000-080-5,2021-05-18,73.17,USD
806,Scala Essentials,978-100-000-080-6,2020-10-28,91.45,GBP
807,Scala Guide,978-100-000-080-7,2020-10-06,26.40,EUR
808,Azure for Beginners,978-100-000-080-8,2022-08-18,98.51,GBP
809,PHP Guide,978-100-000-080-9,2020-10-01,39.19,GBP
810,C# Crash Course,978-100-000-081-0,2021-03-26,23.06,EUR
811,Swift Demystified,978-100-000-081-1,2022-07-04,63.52,EUR
812,Python Deep Dive,978-100-000-081-2,2021-12-11,36.16,USD
813,PHP Handbook,978-100-000-081-3,2022-08-07,11.59,EUR
814,Flutter in 24 Hours,978-100-000-081-4,2020-11-02,97.17,EUR
815,Azure Handbook,978-100-000-081-5,2020-09-19,26.43,GBP
816,Rust in 24 Hours,978-100-000-081-6,2021-07-28,41.66,EUR
817,Azure in Action,978-100-000-081-7,2021-04-30,23.74,GBP
818,AWS Advanced,978-100-000-081-8,2020-11-19,45.51,GBP
819,Elixir Patterns,978-100-000-081-9,2020-05-06,17.14,EUR
820,Haskell Crash Course,978-100-000-082-0,2021-07-24,28.99,GBP
821,Swift Cookbook,978-100-000-082-1,2020-03-31,83.22,USD
822,Swift Essentials,978-100-000-082-2,2020-10-23,43.49,EUR
823,DevOps in 24 Hours,978-100-000-082-3,2020-05-14,59.03,GBP
824,JavaScript Essentials,978-100-000-082-4,2022-01-24,33.63,EUR
825,Django Handbook,978-100-000-082-5,2020-03-29,68.71,USD
826,JavaScript Essentials,978-100-000-082-6,2020-09-04,76.19,GBP
827,Vue Crash Course,978-100-000-082-7,2020-11-11,28.25,USD
828,TypeScript Deep Dive,978-100-000-082-8,2020-08-11,36.18,USD
829,Ruby Advanced,978-100-000-082-9,2020-05-24,79.15,GBP
830,AWS Patterns,978-100-000-083-0,2020-08-10,30.94,USD
831,Blockchain Guide,978-100-000-083-1,2022-07-25,25.27,EUR
832,Kotlin Demystified,978-100-000-083-2,2021-08-14,37.36,USD
833,Angular in 24 Hours,978-100-000-083-3,2022-05-11,12.75,USD
834,React Native Demystified,978-100-000-083-4,2021-10-06,42.25,GBP
835,TypeScript Cookbook,978-100-000-083-5,2022-04-27,27.70,EUR
836,C++ Demystified,978-100-000-083-6,2020-01-21,23.61,EUR
837,Cybersecurity Patterns,978-100-000-083-7,2022-07-30,30.32,USD
838,Java Crash Course,978-100-000-083-8,2020-02-19,15.72,GBP
839,C++ Essentials,978-100-000-083-9,2020-10-28,68.16,EUR
840,Python Deep Dive,978-100-000-084-0,2020-09-08,38.63,USD
841,Laravel in 24 Hours,978-100-000-084-1,2021-04-18,49.10,USD
842,GCP Patterns,978-100-000-084-2,2022-01-22,23.88,EUR
843,Kubernetes Advanced,978-100-000-084-3,2021-04-07,77.17,EUR
844,JavaScript Guide,978-100-000-084-4,2020-04-25,26.50,USD
845,Scala Demystified,978-100-000-084-5,2021-06-01,51.66,EUR
846,GCP in 24 Hours,978-100-000-084-6,2020-05-10,66.29,EUR
847,C# Handbook,978-100-000-084-7,2020-09-15,83.62,EUR
848,Haskell Advanced,978-100-000-084-8,2020-08-13,73.39,EUR
849,DevOps Mastery,978-100-000-084-9,2022-03-31,34.32,GBP
850,Laravel in Action,978-100-000-085-0,2021-10-11,96.89,EUR
851,Azure in 24 Hours,978-100-000-085-1,2022-01-29,96.62,GBP
852,C++ for Beginners,978-100-000-085-2,2020-10-13,15.59,USD
853,React Native Mastery,978-100-000-085-3,2020-10-26,50.01,USD
854,Ruby Advanced,978-100-000-085-4,2020-11-04,19.58,GBP
855,Vue Mastery,978-100-000-085-5,2022-05-28,29.29,USD
856,Elixir Cookbook,978-100-000-085-6,2022-01-31,30.56,USD
857,Machine Learning Guide,978-100-000-085-7,2021-05-28,48.63,USD
858,React in 24 Hours,978-100-000-085-8,2020-04-13,35.56,GBP
859,Elixir for Beginners,978-100-000-085-9,2020-05-13,51.87,EUR
860,C# Handbook,978-100-000-086-0,2021-10-22,29.95,GBP
861,Laravel in Action,978-100-000-086-1,2020-09-21,78.79,GBP
862,Ruby Guide,978-100-000-086-2,2022-04-05,31.57,USD
863,Rust Advanced,978-100-000-086-3,2020-05-16,83.53,GBP
864,Erlang Cookbook,978-100-000-086-4,2021-08-01,81.55,USD
865,Laravel for Beginners,978-100-000-086-5,2020-01-09,70.19,GBP
866,Rust for Beginners,978-100-000-086-6,2021-08-05,32.82,EUR
867,Ruby Guide,978-100-000-086-7,2022-05-24,12.54,EUR
868,Laravel Fundamentals,978-100-000-086-8,2022-03-06,42.17,USD
869,Docker Fundamentals,978-100-000-086-9,2022-09-11,80.80,GBP
870,Haskell in Action,978-100-000-087-0,2021-01-05,15.85,EUR
871,Flutter in Action,978-100-000-087-1,2021-08-11,19.67,GBP
872,Vue in Action,978-100-000-087-2,2020-11-27,57.79,USD
873,Angular Demystified,978-100-000-087-3,2021-06-03,43.26,EUR
874,Flask for Beginners,978-100-000-087-4,2020-06-26,29.73,EUR
875,Rust in 24 Hours,978-100-000-087-5,2022-05-13,64.92,GBP
876,React Native Cookbook,978-100-000-087-6,2020-06-23,70.44,USD
877,Swift Deep Dive,978-100-000-087-7,2021-01-23,14.47,GBP
878,Go Essentials,978-100-000-087-8,2021-04-02,81.43,USD
879,Erlang Handbook,978-100-000-087-9,2022-09-20,23.78,EUR
880,Java Demystified,978-100-000-088-0,2021-08-27,30.33,GBP
881,Swift Crash Course,978-100-000-088-1,2020-03-30,65.16,GBP
882,Haskell Crash Course,978-100-000-088-2,2022-08-01,90.11,USD
883,Kubernetes in Action,978-100-000-088-3,2022-02-23,66.70,GBP
884,Kotlin Fundamentals,978-100-000-088-4,2020-08-17,52.09,GBP
885,TypeScript in Action,978-100-000-088-5,2021-08-17,10.09,GBP
886,JavaScript Advanced,978-100-000-088-6,2021-11-22,62.34,EUR
887,Laravel Mastery,978-100-000-088-7,2021-04-30,94.69,EUR
888,PHP Fundamentals,978-100-000-088-8,2022-03-15,20.37,USD
889,Ruby Demystified,978-100-000-088-9,2021-12-27,71.82,EUR
890,Blockchain in 24 Hours,978-100-000-089-0,2020-08-24,20.35,USD
891,Laravel Fundamentals,978-100-000-089-1,2021-02-14,96.69,EUR
892,Machine Learning Mastery,978-100-000-089-2,2020-03-28,84.00,USD
893,AWS Cookbook,978-100-000-089-3,2022-04-27,63.27,EUR
894,DevOps Advanced,978-100-000-089-4,2020-05-22,52.41,GBP
895,Azure for Beginners,978-100-000-089-5,2020-07-24,96.50,GBP
896,Rust Demystified,978-100-000-089-6,2022-06-18,92.88,USD
897,Spring in Action,978-100-000-089-7,2022-04-21,49.56,GBP
898,Docker Guide,978-100-000-089-8,2020-04-19,84.06,EUR
899,PHP Fundamentals,978-100-000-089-9,2021-07-21,12.01,EUR
900,Kotlin Patterns,978-100-000-090-0,2020-05-26,39.76,GBP
901,Docker Fundamentals,978-100-000-090-1,2022-06-25,12.37,GBP
902,Docker for Beginners,978-100-000-090-2,2022-08-06,36.69,GBP
903,JavaScript Deep Dive,978-100-000-090-3,2020-02-22,71.71,USD
904,Cybersecurity for Beginners,978-100-000-090-4,2021-11-21,18.22,GBP
905,Azure Fundamentals,978-100-000-090-5,2021-06-18,67.95,GBP
906,Blockchain Cookbook,978-100-000-090-6,2020-02-21,36.85,EUR
907,Docker Demystified,978-100-000-090-7,2020-03-23,17.25,EUR
908,AI Patterns,978-100-000-090-8,2020-11-21,99.24,USD
909,Spring for Beginners,978-100-000-090-9,2020-07-24,93.02,GBP
910,Java Crash Course,978-100-000-091-0,2021-08-09,41.11,USD
911,C# Demystified,978-100-000-091-1,2021-09-13,47.00,USD
912,Spring Cookbook,978-100-000-091-2,2022-09-03,95.14,USD
913,Java for Beginners,978-100-000-091-3,2020-08-12,39.90,USD
914,React Deep Dive,978-100-000-091-4,2022-07-27,13.23,GBP
915,DevOps in Action,978-100-000-091-5,2022-06-23,85.54,USD
916,JavaScript Cookbook,978-100-000-091-6,2021-11-08,18.55,EUR
917,React Crash Course,978-100-000-091-7,2020-05-26,55.14,EUR
918,Java for Beginners,978-100-000-091-8,2021-11-22,86.76,GBP
919,Flask Patterns,978-100-000-091-9,2020-02-26,68.00,USD
920,Laravel for Beginners,978-100-000-092-0,2021-01-02,69.73,GBP
921,Laravel Demystified,978-100-000-092-1,2022-08-03,23.58,GBP
922,Spring Crash Course,978-100-000-092-2,2020-02-06,94.86,USD
923,PHP Deep Dive,978-100-000-092-3,2022-08-13,89.42,USD
924,Blockchain Mastery,978-100-000-092-4,2020-11-21,88.44,USD
925,React Native in 24 Hours,978-100-000-092-5,2021-07-02,77.88,EUR
926,Haskell Advanced,978-100-000-092-6,2020-05-21,98.78,USD
927,Azure Guide,978-100-000-092-7,2020-10-09,92.50,EUR
928,Kotlin in Action,978-100-000-092-8,2021-02-14,15.17,GBP
929,TypeScript Advanced,978-100-000-092-9,2021-03-20,80.44,EUR
930,Vue Patterns,978-100-000-093-0,2022-05-09,64.62,EUR
931,Swift Advanced,978-100-000-093-1,2020-07-10,11.37,GBP
932,Django Cookbook,978-100-000-093-2,2020-02-27,81.54,EUR
933,Vue in Action,978-100-000-093-3,2022-02-21,65.09,EUR
934,Swift Handbook,978-100-000-093-4,2020-01-26,55.26,USD
935,Spring Advanced,978-100-000-093-5,2020-09-17,50.02,EUR
936,Rust Mastery,978-100-000-093-6,2021-04-18,96.74,GBP
937,Rust Essentials,978-100-000-093-7,2020-02-16,28.08,USD
938,Elixir Cookbook,978-100-000-093-8,2021-06-25,82.28,EUR
939,Swift for Beginners,978-100-000-093-9,2022-03-30,26.67,GBP
940,Laravel Guide,978-100-000-094-0,2022-07-09,88.04,USD
941,Angular Advanced,978-100-000-094-1,2020-08-16,31.36,GBP
942,React Native Patterns,978-100-000-094-2,2020-09-10,33.12,EUR
943,Docker for Beginners,978-100-000-094-3,2021-08-13,80.65,GBP
944,Django Mastery,978-100-000-094-4,2022-06-10,10.41,EUR
945,Django Guide,978-100-000-094-5,2020-09-16,15.38,GBP
946,Java Fundamentals,978-100-000-094-6,2022-06-17,41.43,GBP
947,GCP Guide,978-100-000-094-7,2020-11-28,54.01,EUR
948,GCP in 24 Hours,978-100-000-094-8,2021-10-19,67.07,EUR
949,Rust Cookbook,978-100-000-094-9,2022-05-27,27.40,USD
950,DevOps Mastery,978-100-000-095-0,2020-04-25,65.91,USD
951,AI Crash Course,978-100-000-095-1,2021-12-01,74.29,EUR
952,Laravel Deep Dive,978-100-000-095-2,2021-08-20,74.33,GBP
953,Erlang for Beginners,978-100-000-095-3,2020-02-19,84.01,USD
954,Rust Demystified,978-100-000-095-4,2020-01-09,38.33,EUR
955,Ruby Essentials,978-100-000-095-5,2022-02-28,93.46,GBP
956,Flutter Crash Course,978-100-000-095-6,2020-10-03,77.98,EUR
957,Haskell in Action,978-100-000-095-7,2021-04-17,96.41,USD
958,DevOps Patterns,978-100-000-095-8,2020-02-03,87.09,USD
959,TypeScript Guide,978-100-000-095-9,2021-10-03,32.86,USD
960,Scala Demystified,978-100-000-096-0,2021-03-28,36.26,EUR
961,Machine Learning Deep Dive,978-100-000-096-1,2021-12-27,99.19,GBP
962,Java Guide,978-100-000-096-2,2021-12-20,18.10,GBP
963,Cybersecurity Demystified,978-100-000-096-3,2020-11-08,27.22,GBP
964,Swift Fundamentals,978-100-000-096-4,2020-06-16,70.87,EUR
965,Python Crash Course,978-100-000-096-5,2021-11-25,97.90,USD
966,Flutter Guide,978-100-000-096-6,2022-09-07,36.62,EUR
967,Swift for Beginners,978-100-000-096-7,2021-04-20,42.99,EUR
968,Vue Guide,978-100-000-096-8,2021-03-31,68.67,USD
969,Go Mastery,978-100-000-096-9,2020-09-16,23.16,GBP
970,Azure Cookbook,978-100-000-097-0,2021-12-29,77.20,USD
971,GCP Advanced,978-100-000-097-1,2021-05-11,48.64,EUR
972,DevOps Essentials,978-100-000-097-2,2020-10-22,12.72,EUR
973,Haskell in 24 Hours,978-100-000-097-3,2022-08-16,35.37,GBP
974,Kotlin Crash Course,978-100-000-097-4,2021-05-25,49.76,USD
975,DevOps Fundamentals,978-100-000-097-5,2021-08-16,62.73,USD
976,Erlang Deep Dive,978-100-000-097-6,2021-09-20,21.23,EUR
977,Laravel in 24 Hours,978-100-000-097-7,2021-08-18,36.51,EUR
978,Docker Demystified,978-100-000-097-8,2022-01-15,50.86,EUR
979,Go Mastery,978-100-000-097-9,2022-03-31,24.19,USD
980,Ruby Demystified,978-100-000-098-0,2020-05-03,10.09,GBP
981,AWS for Beginners,978-100-000-098-1,2022-01-05,44.52,USD
982,JavaScript Handbook,978-100-000-098-2,2021-09-15,64.87,USD
983,Erlang Advanced,978-100-000-098-3,2021-03-31,15.44,GBP
984,GCP Guide,978-100-000-098-4,2020-01-31,96.22,USD
985,Go Crash Course,978-100-000-098-5,2021-08-07,54.25,USD
986,Rust Crash Course,978-100-000-098-6,2020-05-16,84.07,GBP
987,Elixir Guide,978-100-000-098-7,2021-05-08,75.48,EUR
988,Go Guide,978-100-000-098-8,2021-01-18,71.03,USD
989,C# for Beginners,978-100-000-098-9,2021-06-18,20.53,USD
990,Spring Essentials,978-100-000-099-0,2021-09-28,84.42,USD
991,PHP for Beginners,978-100-000-099-1,2020-03-16,35.75,GBP
992,Laravel Essentials,978-100-000-099-2,2020-01-20,30.39,GBP
993,DevOps Guide,978-100-000-099-3,2020-10-27,48.16,GBP
994,Docker Mastery,978-100-000-099-4,2021-10-19,55.70,GBP
995,Vue Advanced,978-100-000-099-5,2020-05-30,61.43,GBP
996,Ruby in Action,978-100-000-099-6,2021-07-16,86.34,USD
997,Blockchain Essentials,978-100-000-099-7,2022-02-22,48.15,GBP
998,Laravel Demystified,978-100-000-099-8,2022-07-14,30.76,EUR
999,Laravel Cookbook,978-100-000-099-9,2020-07-01,50.68,EUR
1000,React Native Demystified,978-100-000-100-0,2022-01-08,98.95,EUR
1001,Cybersecurity Essentials,978-100-000-100-1,2022-04-12,77.58,GBP
1002,C# Handbook,978-100-000-100-2,2020-06-11,42.08,GBP
1003,Python Advanced,978-100-000-100-3,2020-07-02,84.02,EUR
1004,Python Patterns,978-100-000-100-4,2022-05-08,77.43,EUR
1005,AI Deep Dive,978-100-000-100-5,2022-04-28,78.59,GBP
1006,Angular Patterns,978-100-000-100-6,2021-08-24,13.05,GBP
1007,Angular Handbook,978-100-000-100-7,2021-04-10,73.45,GBP
1008,React Native Patterns,978-100-000-100-8,2022-06-06,29.67,USD
1009,Java Demystified,978-100-000-100-9,2021-08-16,52.64,GBP
1010,Go for Beginners,978-100-000-101-0,2020-05-12,66.14,EUR
1011,PHP Cookbook,978-100-000-101-1,2020-03-16,69.10,EUR
1012,Cybersecurity Essentials,978-100-000-101-2,2021-05-11,53.96,GBP
1013,Angular in 24 Hours,978-100-000-101-3,2020-01-19,63.15,GBP
1014,JavaScript for Beginners,978-100-000-101-4,2021-12-23,81.09,EUR
1015,Ruby Fundamentals,978-100-000-101-5,2022-08-13,26.59,EUR
1016,Cybersecurity Fundamentals,978-100-000-101-6,2022-07-09,23.59,USD
1017,Flask Handbook,978-100-000-101-7,2022-04-15,61.39,EUR
1018,Go Guide,978-100-000-101-8,2022-08-12,64.37,USD
1019,Java Patterns,978-100-000-101-9,2020-09-14,62.28,EUR
1020,GCP in Action,978-100-000-102-0,2022-09-09,77.90,GBP
1021,TypeScript Advanced,978-100-000-102-1,2021-06-11,50.45,USD
1022,Java for Beginners,978-100-000-102-2,2022-08-24,49.76,EUR
1023,Data Science Deep Dive,978-100-000-102-3,2022-02-14,42.54,USD
1024,Vue Cookbook,978-100-000-102-4,2021-11-09,10.70,EUR
1025,Kubernetes Deep Dive,978-100-000-102-5,2022-07-13,59.18,USD
1026,Python for Beginners,978-100-000-102-6,2022-06-22,60.31,GBP
1027,Scala Cookbook,978-100-000-102-7,2022-03-26,76.78,USD
1028,Swift Mastery,978-100-000-102-8,2020-08-24,29.54,USD
1029,GCP Deep Dive,978-100-000-102-9,2021-03-01,91.31,GBP
1030,Spring Mastery,978-100-000-103-0,2020-07-31,14.09,USD
1031,Ruby Essentials,978-100-000-103-1,2022-09-04,76.33,USD
1032,C++ Patterns,978-100-000-103-2,2020-07-24,96.50,GBP
1033,Python Fundamentals,978-100-000-103-3,2021-11-14,31.98,EUR
1034,Vue in Action,978-100-000-103-4,2020-08-09,46.08,GBP
1035,Go Crash Course,978-100-000-103-5,2022-03-07,61.16,GBP
1036,Laravel Mastery,978-100-000-103-6,2021-09-18,18.02,GBP
1037,Go Crash Course,978-100-000-103-7,2022-07-29,10.74,GBP
1038,JavaScript Demystified,978-100-000-103-8,2021-03-11,18.58,EUR
1039,AI Essentials,978-100-000-103-9,2021-04-11,11.79,EUR
1040,Laravel Deep Dive,978-100-000-104-0,2021-02-15,44.57,EUR
1041,Haskell Crash Course,978-100-000-104-1,2020-03-22,10.17,GBP
1042,React in Action,978-100-000-104-2,2021-03-02,75.04,USD
1043,Laravel Guide,978-100-000-104-3,2020-10-14,29.80,USD
1044,Erlang Fundamentals,978-100-000-104-4,2022-08-20,81.05,USD
1045,GCP for Beginners,978-100-000-104-5,2021-03-10,58.79,EUR
1046,React Essentials,978-100-000-104-6,2021-11-09,91.21,GBP
1047,Angular Cookbook,978-100-000-104-7,2021-04-08,13.23,GBP
1048,PHP Advanced,978-100-000-104-8,2021-11-11,21.24,USD
1049,Flutter for Beginners,978-100-000-104-9,2022-04-18,27.06,USD
1050,Kubernetes Demystified,978-100-000-105-0,2020-02-28,17.16,USD
1051,Blockchain Deep Dive,978-100-000-105-1,2021-07-14,10.07,USD
1052,PHP in 24 Hours,978-100-000-105-2,2021-06-10,82.67,GBP
1053,Laravel Fundamentals,978-100-000-105-3,2021-02-24,16.17,EUR
1054,Vue Cookbook,978-100-000-105-4,2020-01-11,18.98,EUR
1055,Laravel Essentials,978-100-000-105-5,2022-01-06,95.12,GBP
1056,PHP Essentials,978-100-000-105-6,2022-09-15,65.00,EUR
1057,AWS Handbook,978-100-000-105-7,2021-10-17,95.25,USD
1058,Kotlin Mastery,978-100-000-105-8,2022-06-23,89.93,USD
1059,Scala Mastery,978-100-000-105-9,2021-07-24,28.33,EUR
1060,React Native Cookbook,978-100-000-106-0,2020-11-26,36.48,EUR
1061,Kotlin Patterns,978-100-000-106-1,2022-05-10,94.13,EUR
1062,TypeScript Advanced,978-100-000-106-2,2021-04-17,39.21,EUR
1063,Cybersecurity Patterns,978-100-000-106-3,2020-12-26,82.54,EUR
1064,AI in Action,978-100-000-106-4,2022-05-16,70.74,USD
1065,Flutter Essentials,978-100-000-106-5,2020-10-26,75.56,EUR
1066,React Native Demystified,978-100-000-106-6,2021-11-10,36.47,EUR
1067,Rust Mastery,978-100-000-106-7,2020-03-23,90.69,GBP
1068,C# for Beginners,978-100-000-106-8,2022-01-10,41.90,GBP
1069,TypeScript Demystified,978-100-000-106-9,2020-09-05,72.13,EUR
1070,Spring Demystified,978-100-000-107-0,2021-04-26,76.41,USD
1071,Machine Learning Deep Dive,978-100-000-107-1,2020-12-01,50.26,USD
1072,Elixir Advanced,978-100-000-107-2,2022-04-30,38.43,GBP
1073,Elixir Mastery,978-100-000-107-3,2020-08-26,38.02,GBP
1074,Django Patterns,978-100-000-107-4,2021-02-20,82.76,EUR
1075,Swift Mastery,978-100-000-107-5,2021-09-19,91.15,GBP
1076,React in 24 Hours,978-100-000-107-6,2022-07-28,56.21,USD
1077,JavaScript Crash Course,978-100-000-107-7,2022-01-31,53.28,EUR
1078,Angular in 24 Hours,978-100-000-107-8,2021-12-15,43.46,USD
1079,JavaScript Deep Dive,978-100-000-107-9,2021-03-21,56.28,EUR
1080,Laravel for Beginners,978-100-000-108-0,2020-11-29,80.98,EUR
1081,Python Mastery,978-100-000-108-1,2020-12-14,37.85,EUR
1082,Flask for Beginners,978-100-000-108-2,2020-02-04,93.34,GBP
1083,Elixir in 24 Hours,978-100-000-108-3,2021-06-04,84.37,EUR
1084,React Essentials,978-100-000-108-4,2021-04-19,23.04,USD
1085,React Mastery,978-100-000-108-5,2022-08-23,25.75,EUR
1086,AWS Handbook,978-100-000-108-6,2021-02-24,62.81,GBP
1087,Flask in 24 Hours,978-100-000-108-7,2020-12-12,14.82,USD
1088,Flask for Beginners,978-100-000-108-8,2022-01-21,86.22,EUR
1089,Python Demystified,978-100-000-108-9,2021-05-15,62.20,GBP
1090,GCP Crash Course,978-100-000-109-0,2022-08-30,94.85,EUR
1091,TypeScript Crash Course,978-100-000-109-1,2020-03-29,88.79,USD
1092,Blockchain Guide,978-100-000-109-2,2021-09-30,84.76,USD
1093,Cybersecurity Advanced,978-100-000-109-3,2021-02-25,22.26,USD
1094,Blockchain for Beginners,978-100-000-109-4,2021-06-22,43.24,GBP
1095,Spring Deep Dive,978-100-000-109-5,2021-04-15,57.35,USD
1096,Angular Advanced,978-100-000-109-6,2022-06-09,85.79,GBP
1097,Flask in Action,978-100-000-109-7,2021-03-05,45.01,GBP
1098,React Native Fundamentals,978-100-000-109-8,2022-09-07,42.41,EUR
1099,Cybersecurity in Action,978-100-000-109-9,2021-10-10,43.61,GBP
1100,GCP Handbook,978-100-000-110-0,2021-10-17,23.61,GBP
1101,React Native in Action,978-100-000-110-1,2020-02-19,18.86,GBP
1102,Angular Guide,978-100-000-110-2,2022-05-07,27.94,USD
1103,Data Science for Beginners,978-100-000-110-3,2021-11-09,78.45,USD
1104,JavaScript Advanced,978-100-000-110-4,2022-07-05,92.94,USD
1105,Docker Fundamentals,978-100-000-110-5,2022-03-04,27.00,GBP
1106,AWS Advanced,978-100-000-110-6,2022-02-08,68.28,USD
1107,C++ Fundamentals,978-100-000-110-7,2021-10-01,31.54,EUR
1108,Python Mastery,978-100-000-110-8,2022-01-21,36.59,USD
1109,C++ Cookbook,978-100-000-110-9,2021-11-13,21.88,EUR
1110,AI in Action,978-100-000-111-0,2020-09-09,41.60,EUR
1111,Blockchain Deep Dive,978-100-000-111-1,2022-07-25,85.36,GBP
1112,Ruby Cookbook,978-100-000-111-2,2022-09-08,45.02,GBP
1113,React Native Essentials,978-100-000-111-3,2022-07-18,28.78,GBP
1114,React Guide,978-100-000-111-4,2021-05-18,53.87,EUR
1115,C++ Cookbook,978-100-000-111-5,2020-10-13,98.07,USD
1116,Kotlin for Beginners,978-100-000-111-6,2021-09-18,47.27,USD
1117,Vue Demystified,978-100-000-111-7,2021-10-11,37.95,GBP
1118,DevOps Advanced,978-100-000-111-8,2020-07-31,80.76,GBP
1119,React Native Advanced,978-100-000-111-9,2021-02-05,25.26,GBP
1120,Azure in 24 Hours,978-100-000-112-0,2022-07-06,61.48,USD
1121,Ruby Advanced,978-100-000-112-1,2020-05-20,64.83,USD
1122,Flutter Fundamentals,978-100-000-112-2,2022-02-23,91.08,GBP
1123,AI Fundamentals,978-100-000-112-3,2021-09-28,72.92,USD
1124,PHP Cookbook,978-100-000-112-4,2020-02-23,12.15,USD
1125,Ruby Crash Course,978-100-000-112-5,2021-02-24,50.50,USD
1126,Erlang Deep Dive,978-100-000-112-6,2021-07-27,79.27,USD
1127,TypeScript Mastery,978-100-000-112-7,2020-04-09,34.56,USD
1128,Rust Advanced,978-100-000-112-8,2020-03-16,53.09,EUR
1129,Cybersecurity Deep Dive,978-100-000-112-9,2020-05-16,79.79,EUR
1130,Kubernetes in 24 Hours,978-100-000-113-0,2022-03-17,39.86,EUR
1131,AWS in 24 Hours,978-100-000-113-1,2022-07-09,38.71,EUR
1132,Data Science Deep Dive,978-100-000-113-2,2021-01-04,51.02,GBP
1133,JavaScript Advanced,978-100-000-113-3,2021-12-09,48.72,EUR
1134,React in 24 Hours,978-100-000-113-4,2021-01-08,55.26,GBP
1135,Ruby Demystified,978-100-000-113-5,2021-09-19,42.32,GBP
1136,Vue Handbook,978-100-000-113-6,2020-09-16,60.46,EUR
1137,Java Mastery,978-100-000-113-7,2022-04-08,45.79,USD
1138,Ruby Essentials,978-100-000-113-8,2020-01-30,62.16,GBP
1139,Azure Fundamentals,978-100-000-113-9,2021-02-12,43.19,EUR
1140,Java Cookbook,978-100-000-114-0,2020-05-16,27.92,EUR
1141,Scala Demystified,978-100-000-114-1,2020-01-25,32.26,EUR
1142,AI for Beginners,978-100-000-114-2,2022-08-02,95.57,USD
1143,JavaScript in 24 Hours,978-100-000-114-3,2020-04-14,62.58,GBP
1144,GCP Mastery,978-100-000-114-4,2020-04-29,32.62,EUR
1145,Kubernetes Mastery,978-100-000-114-5,2021-01-04,67.64,EUR
1146,Vue in Action,978-100-000-114-6,2020-08-16,51.04,USD
1147,C++ in 24 Hours,978-100-000-114-7,2021-11-26,28.87,EUR
1148,Machine Learning Mastery,978-100-000-114-8,2021-11-09,20.53,USD
1149,PHP Patterns,978-100-000-114-9,2020-12-23,76.73,EUR
1150,Flutter Guide,978-100-000-115-0,2020-06-15,10.54,GBP
1151,Machine Learning Guide,978-100-000-115-1,2021-08-30,46.27,USD
1152,GCP Patterns,978-100-000-115-2,2022-03-16,64.36,USD
1153,Swift Handbook,978-100-000-115-3,2020-07-03,88.59,EUR
1154,DevOps Advanced,978-100-000-115-4,2022-06-28,31.18,EUR
1155,Vue Guide,978-100-000-115-5,2021-07-06,82.49,USD
1156,Erlang Mastery,978-100-000-115-6,2022-03-30,27.51,EUR
1157,Blockchain in 24 Hours,978-100-000-115-7,2020-10-02,68.32,GBP
1158,Java Cookbook,978-100-000-115-8,2021-04-30,56.13,GBP
1159,Python Essentials,978-100-000-115-9,2020-06-14,72.10,EUR
1160,DevOps in Action,978-100-000-116-0,2021-05-02,25.76,GBP
1161,Angular Fundamentals,978-100-000-116-1,2022-07-17,65.10,USD
1162,Go Crash Course,978-100-000-116-2,2021-10-08,75.04,USD
1163,DevOps Demystified,978-100-000-116-3,2021-02-23,38.35,USD
1164,Erlang in 24 Hours,978-100-000-116-4,2021-11-30,40.47,EUR
1165,Machine Learning Mastery,978-100-000-116-5,2021-04-01,73.77,EUR
1166,GCP Fundamentals,978-100-000-116-6,2020-12-21,60.13,USD
1167,TypeScript Deep Dive,978-100-000-116-7,2020-08-28,73.46,GBP
1168,Erlang Cookbook,978-100-000-116-8,2020-06-05,37.76,EUR
1169,C# Demystified,978-100-000-116-9,2021-02-14,17.18,GBP
1170,Django Crash Course,978-100-000-117-0,2020-05-02,97.82,GBP
1171,Elixir Mastery,978-100-000-117-1,2022-05-13,33.43,GBP
1172,Go Handbook,978-100-000-117-2,2021-01-30,76.02,EUR
1173,GCP Guide,978-100-000-117-3,2020-10-20,13.05,EUR
1174,AWS in 24 Hours,978-100-000-117-4,2020-09-12,82.48,EUR
1175,Flask Advanced,978-100-000-117-5,2021-06-07,39.33,EUR
1176,Machine Learning Deep Dive,978-100-000-117-6,2021-02-14,80.73,GBP
1177,Go Advanced,978-100-000-117-7,2020-02-10,19.56,USD
1178,Azure Guide,978-100-000-117-8,2021-08-04,80.54,GBP
1179,AWS Crash Course,978-100-000-117-9,2021-01-06,95.99,EUR
1180,Machine Learning Advanced,978-100-000-118-0,2022-05-16,51.16,EUR
1181,Swift in 24 Hours,978-100-000-118-1,2021-04-18,72.81,USD
1182,Flask Mastery,978-100-000-118-2,2022-07-06,77.13,GBP
1183,Blockchain in 24 Hours,978-100-000-118-3,2020-01-26,61.34,GBP
1184,Spring Demystified,978-100-000-118-4,2021-01-03,54.91,EUR
1185,Scala Handbook,978-100-000-118-5,2020-01-29,12.71,USD
1186,Elixir Fundamentals,978-100-000-118-6,2022-04-23,57.05,EUR
1187,Kotlin for Beginners,978-100-000-118-7,2021-01-24,49.58,EUR
1188,Flutter Advanced,978-100-000-118-8,2020-05-10,42.60,USD
1189,Elixir Cookbook,978-100-000-118-9,2021-01-18,73.41,USD
1190,TypeScript in 24 Hours,978-100-000-119-0,2020-12-28,70.19,GBP
1191,Elixir Essentials,978-100-000-119-1,2021-05-12,25.52,USD
1192,Kubernetes Demystified,978-100-000-119-2,2020-08-14,92.87,USD
1193,Cybersecurity Patterns,978-100-000-119-3,2021-10-23,24.48,EUR
1194,TypeScript Essentials,978-100-000-119-4,2020-11-26,87.82,EUR
1195,Kotlin Crash Course,978-100-000-119-5,2020-10-26,97.93,USD
1196,Python Deep Dive,978-100-000-119-6,2021-02-10,77.19,USD
1197,Ruby Demystified,978-100-000-119-7,2020-07-09,57.47,GBP
1198,Data Science Mastery,978-100-000-119-8,2020-03-01,99.12,USD
1199,Elixir Deep Dive,978-100-000-119-9,2020-07-28,89.65,GBP
1200,Laravel Guide,978-100-000-120-0,2022-06-15,37.76,USD
1201,PHP Essentials,978-100-000-120-1,2021-03-21,98.79,USD
1202,Data Science Demystified,978-100-000-120-2,2020-05-17,21.24,GBP
1203,Vue Cookbook,978-100-000-120-3,2020-12-24,17.53,GBP
1204,Data Science for Beginners,978-100-000-120-4,2022-05-28,18.44,USD
1205,Laravel Deep Dive,978-100-000-120-5,2021-01-24,20.66,USD
1206,TypeScript Guide,978-100-000-120-6,2020-11-26,52.12,USD
1207,AWS in 24 Hours,978-100-000-120-7,2022-05-01,49.65,USD
1208,Machine Learning Fundamentals,978-100-000-120-8,2021-10-09,76.83,USD
1209,Laravel Essentials,978-100-000-120-9,2021-10-07,24.99,USD
1210,Swift Deep Dive,978-100-000-121-0,2021-01-19,16.56,EUR
1211,TypeScript Demystified,978-100-000-121-1,2020-10-19,10.31,EUR
1212,Flask Mastery,978-100-000-121-2,2020-01-24,84.95,USD
1213,Laravel Handbook,978-100-000-121-3,2020-09-05,32.56,GBP
1214,Django Deep Dive,978-100-000-121-4,2021-07-19,53.09,EUR
1215,Django Crash Course,978-100-000-121-5,2022-02-23,65.62,EUR
1216,Azure Crash Course,978-100-000-121-6,2020-07-27,92.77,USD
1217,AWS for Beginners,978-100-000-121-7,2020-04-12,91.27,USD
1218,C# Demystified,978-100-000-121-8,2020-12-25,80.76,USD
1219,Rust Deep Dive,978-100-000-121-9,2020-08-02,26.04,USD
1220,Java Handbook,978-100-000-122-0,2022-09-19,98.52,EUR
1221,AWS Fundamentals,978-100-000-122-1,2022-01-25,34.26,EUR
1222,Flask Mastery,978-100-000-122-2,2021-11-05,23.63,USD
1223,TypeScript Handbook,978-100-000-122-3,2020-09-29,87.75,USD
1224,Azure Patterns,978-100-000-122-4,2021-02-11,66.68,USD
1225,C++ in 24 Hours,978-100-000-122-5,2020-06-29,62.25,GBP
1226,Angular in Action,978-100-000-122-6,2020-08-09,31.04,EUR
1227,Angular Fundamentals,978-100-000-122-7,2021-05-27,23.91,USD
1228,AI in 24 Hours,978-100-000-122-8,2020-03-15,93.14,USD
1229,Java Handbook,978-100-000-122-9,2020-12-30,27.71,EUR
1230,React Native Crash Course,978-100-000-123-0,2021-02-04,91.49,GBP
1231,Spring in Action,978-100-000-123-1,2021-04-17,71.56,USD
1232,PHP for Beginners,978-100-000-123-2,2022-09-23,18.80,USD
1233,Django Crash Course,978-100-000-123-3,2020-08-03,79.55,USD
1234,DevOps Handbook,978-100-000-123-4,2022-01-06,41.06,GBP
1235,Angular Cookbook,978-100-000-123-5,2022-08-24,38.38,USD
1236,PHP Demystified,978-100-000-123-6,2022-02-13,86.09,EUR
1237,Kubernetes Crash Course,978-100-000-123-7,2021-05-23,96.86,EUR
1238,PHP in Action,978-100-000-123-8,2020-10-27,98.61,USD
1239,Ruby Crash Course,978-100-000-123-9,2020-03-31,30.11,EUR
1240,Kotlin Handbook,978-100-000-124-0,2021-08-08,33.33,EUR
1241,JavaScript Mastery,978-100-000-124-1,2021-02-07,68.17,EUR
1242,TypeScript in 24 Hours,978-100-000-124-2,2021-11-20,27.27,GBP
1243,DevOps Deep Dive,978-100-000-124-3,2022-02-06,76.80,GBP
1244,Data Science Patterns,978-100-000-124-4,2020-06-15,96.25,GBP
1245,Ruby Handbook,978-100-000-124-5,2021-04-08,68.90,EUR
1246,React Fundamentals,978-100-000-124-6,2022-08-28,89.90,USD
1247,JavaScript in 24 Hours,978-100-000-124-7,2022-03-14,78.82,USD
1248,TypeScript Guide,978-100-000-124-8,2022-09-26,96.83,EUR
1249,Django Essentials,978-100-000-124-9,2020-03-03,88.39,GBP
1250,Scala in 24 Hours,978-100-000-125-0,2021-07-02,65.68,USD
1251,Erlang Crash Course,978-100-000-125-1,2022-06-26,49.10,GBP
1252,Laravel Advanced,978-100-000-125-2,2020-10-21,98.32,EUR
1253,Flutter Fundamentals,978-100-000-125-3,2021-10-31,63.39,EUR
1254,Spring Cookbook,978-100-000-125-4,2020-10-03,45.09,GBP
1255,Machine Learning for Beginners,978-100-000-125-5,2021-02-09,90.94,GBP
1256,Django in Action,978-100-000-125-6,2021-11-24,67.31,USD
1257,Go Demystified,978-100-000-125-7,2020-03-31,36.29,USD
1258,AI Fundamentals,978-100-000-125-8,2020-02-20,76.25,USD
1259,GCP for Beginners,978-100-000-125-9,2021-05-03,32.20,EUR
1260,PHP Patterns,978-100-000-126-0,2020-02-08,59.82,GBP
1261,GCP Deep Dive,978-100-000-126-1,2021-06-08,82.20,EUR
1262,PHP Advanced,978-100-000-126-2,2021-11-15,39.14,GBP
1263,Go Essentials,978-100-000-126-3,2021-01-16,67.32,GBP
1264,Angular Demystified,978-100-000-126-4,2022-03-05,18.26,EUR
1265,Docker in 24 Hours,978-100-000-126-5,2020-08-06,96.96,EUR
1266,Scala in 24 Hours,978-100-000-126-6,2020-09-02,31.03,GBP
1267,Kubernetes Handbook,978-100-000-126-7,2022-03-07,18.28,USD
1268,Python in Action,978-100-000-126-8,2020-03-31,49.47,USD
1269,JavaScript Demystified,978-100-000-126-9,2022-07-08,71.03,USD
1270,Blockchain Handbook,978-100-000-127-0,2021-12-23,78.73,EUR
1271,DevOps Handbook,978-100-000-127-1,2022-05-20,89.74,GBP
1272,Kotlin Guide,978-100-000-127-2,2022-08-01,10.87,USD
1273,Machine Learning Mastery,978-100-000-127-3,2021-02-07,48.90,GBP
1274,Vue Deep Dive,978-100-000-127-4,2021-03-31,72.43,EUR
1275,TypeScript Mastery,978-100-000-127-5,2022-08-17,13.52,GBP
1276,TypeScript in Action,978-100-000-127-6,2022-09-24,23.10,GBP
1277,Docker for Beginners,978-100-000-127-7,2022-01-03,37.36,USD
1278,Scala in 24 Hours,978-100-000-127-8,2020-04-29,76.55,GBP
1279,Ruby Guide,978-100-000-127-9,2020-03-10,42.47,GBP
1280,PHP Advanced,978-100-000-128-0,2021-05-12,39.42,GBP
1281,C# Essentials,978-100-000-128-1,2020-01-01,70.86,EUR
1282,C++ Fundamentals,978-100-000-128-2,2020-06-15,52.13,EUR
1283,Elixir Handbook,978-100-000-128-3,2020-09-27,14.56,USD
1284,DevOps Fundamentals,978-100-000-128-4,2021-11-21,77.79,USD
1285,Django Mastery,978-100-000-128-5,2022-03-08,27.18,GBP
1286,Erlang Deep Dive,978-100-000-128-6,2020-03-12,39.62,USD
1287,C++ Guide,978-100-000-128-7,2021-10-20,67.25,GBP
1288,Scala in 24 Hours,978-100-000-128-8,2020-03-22,90.32,EUR
1289,Rust in Action,978-100-000-128-9,2020-09-25,18.98,USD
1290,Haskell Mastery,978-100-000-129-0,2021-05-13,40.89,EUR
1291,Haskell Essentials,978-100-000-129-1,2020-09-02,12.79,EUR
1292,Go Patterns,978-100-000-129-2,2022-03-06,15.53,USD
1293,Flask Guide,978-100-000-129-3,2022-07-27,81.24,GBP
1294,Spring Mastery,978-100-000-129-4,2020-01-11,35.67,USD
1295,React Deep Dive,978-100-000-129-5,2021-08-21,78.96,EUR
1296,Kotlin Fundamentals,978-100-000-129-6,2022-01-25,87.91,USD
1297,DevOps Crash Course,978-100-000-129-7,2021-03-07,44.61,USD
1298,Vue Deep Dive,978-100-000-129-8,2022-04-01,89.82,USD
1299,C++ Advanced,978-100-000-129-9,2020-12-31,64.37,USD
1300,Spring Patterns,978-100-000-130-0,2022-07-30,76.79,EUR
1301,GCP Cookbook,978-100-000-130-1,2022-01-03,56.20,USD
1302,Machine Learning in Action,978-100-000-130-2,2022-03-19,15.50,GBP
1303,C++ Crash Course,978-100-000-130-3,2020-07-04,55.75,GBP
1304,DevOps in Action,978-100-000-130-4,2021-01-09,17.69,USD
1305,Kotlin Advanced,978-100-000-130-5,2020-07-21,31.37,GBP
1306,Flutter Demystified,978-100-000-130-6,2022-05-13,63.31,USD
1307,Python Essentials,978-100-000-130-7,2022-07-25,97.66,GBP
1308,Ruby Fundamentals,978-100-000-130-8,2020-05-11,86.58,GBP
1309,Rust Demystified,978-100-000-130-9,2021-08-31,90.45,GBP
1310,React Native Handbook,978-100-000-131-0,2022-02-02,41.32,EUR
1311,TypeScript Crash Course,978-100-000-131-1,2020-04-02,42.21,EUR
1312,Python Crash Course,978-100-000-131-2,2020-10-19,52.38,GBP
1313,Flask in 24 Hours,978-100-000-131-3,2022-05-18,12.37,EUR
1314,JavaScript Cookbook,978-100-000-131-4,2020-07-06,59.19,EUR
1315,AI Handbook,978-100-000-131-5,2022-09-18,83.79,GBP
1316,Flutter Fundamentals,978-100-000-131-6,2020-02-09,80.60,GBP
1317,TypeScript Demystified,978-100-000-131-7,2022-07-13,96.62,GBP
1318,Scala Guide,978-100-000-131-8,2022-09-03,68.98,EUR
1319,PHP Demystified,978-100-000-131-9,2021-09-16,16.65,EUR
1320,GCP Guide,978-100-000-132-0,2020-02-05,46.26,USD
1321,PHP Advanced,978-100-000-132-1,2020-08-04,31.33,EUR
1322,Scala Patterns,978-100-000-132-2,2022-02-16,79.49,USD
1323,Elixir Handbook,978-100-000-132-3,2022-02-04,13.49,EUR
1324,Scala Advanced,978-100-000-132-4,2020-08-20,53.17,USD
1325,Spring for Beginners,978-100-000-132-5,2022-02-24,94.81,GBP
1326,Flask Guide,978-100-000-132-6,2021-01-09,20.30,USD
1327,Data Science Cookbook,978-100-000-132-7,2021-12-13,72.81,GBP
1328,React Native Fundamentals,978-100-000-132-8,2021-07-23,38.66,EUR
1329,React for Beginners,978-100-000-132-9,2020-03-22,76.34,USD
1330,Angular in Action,978-100-000-133-0,2022-04-27,23.74,EUR
1331,Angular Handbook,978-100-000-133-1,2020-07-27,92.66,EUR
1332,Angular Advanced,978-100-000-133-2,2020-06-19,55.89,USD
1333,PHP Cookbook,978-100-000-133-3,2022-07-29,56.74,EUR
1334,Data Science Deep Dive,978-100-000-133-4,2020-02-18,36.60,USD
1335,PHP Mastery,978-100-000-133-5,2021-03-02,98.06,USD
1336,JavaScript for Beginners,978-100-000-133-6,2021-02-09,37.41,GBP
1337,GCP Deep Dive,978-100-000-133-7,2020-09-04,41.09,EUR
1338,C++ in 24 Hours,978-100-000-133-8,2021-12-17,94.42,USD
1339,Flask Guide,978-100-000-133-9,2022-07-30,87.33,GBP
1340,Blockchain Cookbook,978-100-000-134-0,2020-06-07,73.35,EUR
1341,Ruby Essentials,978-100-000-134-1,2022-01-20,10.16,EUR
1342,AWS Advanced,978-100-000-134-2,2020-06-22,19.02,GBP
1343,JavaScript Deep Dive,978-100-000-134-3,2021-09-15,91.52,EUR
1344,React in Action,978-100-000-134-4,2022-01-30,57.89,EUR
1345,GCP Essentials,978-100-000-134-5,2020-05-21,75.05,GBP
1346,TypeScript Fundamentals,978-100-000-134-6,2020-07-27,87.62,EUR
1347,Docker Cookbook,978-100-000-134-7,2022-06-20,66.49,EUR
1348,C# Demystified,978-100-000-134-8,2022-09-17,29.79,EUR
1349,Angular Demystified,978-100-000-134-9,2020-04-11,21.74,USD
1350,Java Demystified,978-100-000-135-0,2020-05-03,83.46,GBP
1351,AI Patterns,978-100-000-135-1,2021-08-23,57.77,USD
1352,Ruby in 24 Hours,978-100-000-135-2,2022-07-10,31.70,USD
1353,Angular Essentials,978-100-000-135-3,2022-04-06,24.73,GBP
1354,Blockchain Crash Course,978-100-000-135-4,2020-10-30,94.47,USD
1355,Azure Advanced,978-100-000-135-5,2020-03-07,43.39,EUR
1356,AI Demystified,978-100-000-135-6,2022-07-22,14.75,GBP
1357,React Native Essentials,978-100-000-135-7,2020-04-07,58.86,GBP
1358,Elixir in Action,978-100-000-135-8,2021-07-23,95.81,USD
1359,Rust Deep Dive,978-100-000-135-9,2020-07-08,77.08,EUR
1360,Haskell Demystified,978-100-000-136-0,2022-06-19,75.51,EUR
1361,Swift Fundamentals,978-100-000-136-1,2021-07-29,41.69,EUR
1362,Scala Guide,978-100-000-136-2,2021-08-13,61.63,EUR
1363,React Native in Action,978-100-000-136-3,2020-03-29,25.72,EUR
1364,Angular in 24 Hours,978-100-000-136-4,2021-12-23,87.87,USD
1365,Flutter for Beginners,978-100-000-136-5,2020-11-07,92.88,USD
1366,Blockchain Mastery,978-100-000-136-6,2022-02-15,15.54,USD
1367,Kubernetes Fundamentals,978-100-000-136-7,2020-01-07,56.79,GBP
1368,Blockchain Handbook,978-100-000-136-8,2021-02-20,41.02,EUR
1369,Go in Action,978-100-000-136-9,2021-04-07,88.00,USD
1370,Erlang Handbook,978-100-000-137-0,2020-05-22,48.86,GBP
1371,Django in Action,978-100-000-137-1,2020-06-12,45.55,GBP
1372,PHP in Action,978-100-000-137-2,2022-05-08,58.85,USD
1373,Elixir in 24 Hours,978-100-000-137-3,2020-09-24,11.23,GBP
1374,Vue in 24 Hours,978-100-000-137-4,2020-01-07,41.55,GBP
1375,Azure Crash Course,978-100-000-137-5,2021-06-25,46.78,GBP
1376,Erlang Crash Course,978-100-000-137-6,2020-12-18,54.94,USD
1377,Kotlin Handbook,978-100-000-137-7,2021-05-26,37.13,EUR
1378,Go Deep Dive,978-100-000-137-8,2020-06-17,25.14,USD
1379,Spring in 24 Hours,978-100-000-137-9,2020-12-20,46.41,USD
1380,Angular Deep Dive,978-100-000-138-0,2022-01-16,49.63,EUR
1381,C++ Demystified,978-100-000-138-1,2021-02-04,78.47,EUR
1382,Flutter Essentials,978-100-000-138-2,2021-03-10,96.78,EUR
1383,C++ Essentials,978-100-000-138-3,2020-09-19,65.56,EUR
1384,Erlang Cookbook,978-100-000-138-4,2021-02-16,86.88,GBP
1385,Cybersecurity Deep Dive,978-100-000-138-5,2021-02-11,39.49,GBP
1386,Swift Advanced,978-100-000-138-6,2020-08-31,72.13,USD
1387,Blockchain Patterns,978-100-000-138-7,2021-05-25,47.40,USD
1388,Vue Guide,978-100-000-138-8,2021-07-14,55.24,USD
1389,Laravel Patterns,978-100-000-138-9,2021-06-09,92.80,EUR
1390,C# Demystified,978-100-000-139-0,2021-12-05,91.41,EUR
1391,Django Patterns,978-100-000-139-1,2020-06-27,61.67,USD
1392,Azure in Action,978-100-000-139-2,2022-06-04,42.87,GBP
1393,C# Fundamentals,978-100-000-139-3,2021-02-20,55.79,GBP
1394,Flutter in 24 Hours,978-100-000-139-4,2021-04-06,55.17,GBP
1395,Azure for Beginners,978-100-000-139-5,2022-07-07,74.57,GBP
1396,AWS Essentials,978-100-000-139-6,2021-03-31,86.82,USD
1397,Angular Deep Dive,978-100-000-139-7,2021-03-27,68.55,USD
1398,Kubernetes Mastery,978-100-000-139-8,2021-09-22,86.87,USD
1399,Rust Handbook,978-100-000-139-9,2021-08-08,53.96,EUR
1400,Go Mastery,978-100-000-140-0,2020-01-04,33.37,GBP
1401,React Native Advanced,978-100-000-140-1,2022-07-04,11.59,USD
1402,AI in Action,978-100-000-140-2,2020-04-10,79.56,EUR
1403,Kubernetes Guide,978-100-000-140-3,2021-02-01,58.83,USD
1404,Flask in 24 Hours,978-100-000-140-4,2022-01-24,29.80,USD
1405,Laravel for Beginners,978-100-000-140-5,2022-03-26,34.99,USD
1406,GCP in 24 Hours,978-100-000-140-6,2022-09-25,88.92,USD
1407,Kotlin Demystified,978-100-000-140-7,2022-01-12,80.18,GBP
1408,Haskell Essentials,978-100-000-140-8,2021-07-05,78.93,USD
1409,Vue Cookbook,978-100-000-140-9,2022-05-06,42.67,USD
1410,Flutter Fundamentals,978-100-000-141-0,2020-07-22,79.01,EUR
1411,Haskell for Beginners,978-100-000-141-1,2021-01-05,92.05,GBP
1412,TypeScript Guide,978-100-000-141-2,2022-04-21,96.90,EUR
1413,Java Guide,978-100-000-141-3,2022-09-03,61.29,USD
1414,Laravel Advanced,978-100-000-141-4,2021-12-08,93.94,USD
1415,TypeScript Patterns,978-100-000-141-5,2020-03-06,32.05,GBP
1416,C++ Crash Course,978-100-000-141-6,2020-04-03,29.76,GBP
1417,GCP Demystified,978-100-000-141-7,2021-06-19,52.35,USD
1418,Ruby Crash Course,978-100-000-141-8,2020-11-17,24.08,USD
1419,Flutter Crash Course,978-100-000-141-9,2020-12-29,31.74,USD
1420,AWS Cookbook,978-100-000-142-0,2022-03-09,87.39,GBP
1421,Vue Essentials,978-100-000-142-1,2021-04-07,73.18,GBP
1422,Flutter Mastery,978-100-000-142-2,2022-08-30,31.23,EUR
1423,Data Science Handbook,978-100-000-142-3,2020-01-01,98.34,USD
1424,DevOps in Action,978-100-000-142-4,2020-01-24,56.21,EUR
1425,JavaScript Handbook,978-100-000-142-5,2021-05-03,92.95,EUR
1426,AWS Deep Dive,978-100-000-142-6,2020-05-29,59.63,EUR
1427,TypeScript Deep Dive,978-100-000-142-7,2020-07-14,88.41,USD
1428,Cybersecurity Crash Course,978-100-000-142-8,2020-09-03,50.09,USD
1429,Java Cookbook,978-100-000-142-9,2020-12-19,72.06,USD
1430,Azure Cookbook,978-100-000-143-0,2022-04-13,52.44,EUR
1431,Angular Advanced,978-100-000-143-1,2022-02-14,85.19,USD
1432,Laravel Handbook,978-100-000-143-2,2020-01-12,74.47,GBP
1433,GCP Demystified,978-100-000-143-3,2020-06-28,81.62,GBP
1434,Go Guide,978-100-000-143-4,2021-02-25,25.13,EUR
1435,Go Patterns,978-100-000-143-5,2021-03-22,54.76,USD
1436,Flutter Patterns,978-100-000-143-6,2020-01-15,54.44,USD
1437,React in 24 Hours,978-100-000-143-7,2020-06-26,88.15,USD
1438,Rust Patterns,978-100-000-143-8,2021-04-05,12.46,EUR
1439,GCP Demystified,978-100-000-143-9,2021-05-24,50.19,USD
1440,Django Cookbook,978-100-000-144-0,2021-10-19,55.88,GBP
1441,GCP Patterns,978-100-000-144-1,2021-12-25,20.64,EUR
1442,TypeScript Guide,978-100-000-144-2,2020-10-29,78.66,GBP
1443,C++ for Beginners,978-100-000-144-3,2020-02-29,69.70,EUR
1444,TypeScript Crash Course,978-100-000-144-4,2021-06-20,53.15,GBP
1445,Cybersecurity Patterns,978-100-000-144-5,2021-03-06,38.71,USD
1446,Kubernetes in 24 Hours,978-100-000-144-6,2021-04-12,74.95,EUR
1447,Erlang in 24 Hours,978-100-000-144-7,2021-08-30,51.17,EUR
1448,Angular Essentials,978-100-000-144-8,2022-02-14,75.72,EUR
1449,C# Advanced,978-100-000-144-9,2020-01-19,54.82,GBP
1450,Flutter Crash Course,978-100-000-145-0,2022-04-18,61.72,USD
1451,Swift Demystified,978-100-000-145-1,2022-04-11,16.21,GBP
1452,Machine Learning Guide,978-100-000-145-2,2021-01-22,48.93,GBP
1453,Django Essentials,978-100-000-145-3,2022-01-27,33.56,GBP
1454,Data Science in Action,978-100-000-145-4,2022-03-11,77.41,EUR
1455,Machine Learning for Beginners,978-100-000-145-5,2022-03-12,92.98,GBP
1456,DevOps Fundamentals,978-100-000-145-6,2022-09-23,90.50,GBP
1457,Swift Cookbook,978-100-000-145-7,2021-04-20,92.15,GBP
1458,Erlang for Beginners,978-100-000-145-8,2022-09-06,16.74,EUR
1459,Angular Advanced,978-100-000-145-9,2022-06-26,61.23,USD
1460,Cybersecurity Advanced,978-100-000-146-0,2020-05-26,67.68,USD
1461,Kubernetes Fundamentals,978-100-000-146-1,2020-09-03,11.53,GBP
1462,PHP Handbook,978-100-000-146-2,2020-03-20,22.51,GBP
1463,Kotlin Crash Course,978-100-000-146-3,2022-09-26,26.55,GBP
1464,Kotlin Fundamentals,978-100-000-146-4,2021-02-22,78.45,EUR
1465,Docker Patterns,978-100-000-146-5,2020-12-30,94.97,EUR
1466,Blockchain Mastery,978-100-000-146-6,2020-07-17,53.83,GBP
1467,Flutter in 24 Hours,978-100-000-146-7,2020-02-22,71.46,EUR
1468,C# for Beginners,978-100-000-146-8,2021-05-10,17.95,EUR
1469,Swift in Action,978-100-000-146-9,2021-11-12,39.34,EUR
1470,Haskell Deep Dive,978-100-000-147-0,2021-04-11,60.74,EUR
1471,C++ in 24 Hours,978-100-000-147-1,2022-09-23,73.61,EUR
1472,Docker in Action,978-100-000-147-2,2021-03-20,23.85,EUR
1473,Go in 24 Hours,978-100-000-147-3,2021-10-09,17.35,GBP
1474,Elixir Fundamentals,978-100-000-147-4,2021-09-27,51.74,EUR
1475,Data Science Crash Course,978-100-000-147-5,2021-03-08,63.76,EUR
1476,Rust Handbook,978-100-000-147-6,2022-03-21,84.60,USD
1477,PHP Mastery,978-100-000-147-7,2020-06-26,42.15,GBP
1478,AI in Action,978-100-000-147-8,2022-06-14,63.24,GBP
1479,Angular Handbook,978-100-000-147-9,2020-02-10,14.74,GBP
1480,PHP in 24 Hours,978-100-000-148-0,2020-01-06,87.98,USD
1481,Vue Guide,978-100-000-148-1,2020-01-27,56.40,USD
1482,Flask Patterns,978-100-000-148-2,2021-05-02,62.47,USD
1483,Machine Learning Guide,978-100-000-148-3,2022-02-06,44.20,EUR
1484,AI Demystified,978-100-000-148-4,2022-01-03,60.46,GBP
1485,Data Science for Beginners,978-100-000-148-5,2022-09-05,57.02,USD
1486,GCP Guide,978-100-000-148-6,2020-04-24,96.59,GBP
1487,TypeScript Essentials,978-100-000-148-7,2020-07-22,54.14,GBP
1488,Flutter Demystified,978-100-000-148-8,2022-06-24,56.66,GBP
1489,PHP in Action,978-100-000-148-9,2022-08-09,85.83,USD
1490,React Native for Beginners,978-100-000-149-0,2020-05-01,24.69,EUR
1491,Flask Cookbook,978-100-000-149-1,2022-06-05,86.41,EUR
1492,Haskell Patterns,978-100-000-149-2,2021-02-17,23.11,GBP
1493,Django Patterns,978-100-000-149-3,2022-03-15,18.23,GBP
1494,Azure Demystified,978-100-000-149-4,2021-10-09,25.68,USD
1495,DevOps for Beginners,978-100-000-149-5,2022-05-07,11.01,EUR
1496,C++ Patterns,978-100-000-149-6,2022-09-05,62.27,USD
1497,JavaScript Essentials,978-100-000-149-7,2022-08-04,55.50,EUR
1498,Flask Crash Course,978-100-000-149-8,2020-02-12,42.34,EUR
1499,Rust Advanced,978-100-000-149-9,2022-05-02,58.01,EUR
1500,Python Mastery,978-100-000-150-0,2021-01-03,55.52,GBP
1501,Data Science Handbook,978-100-000-150-1,2021-01-12,94.16,EUR
1502,Haskell Guide,978-100-000-150-2,2021-07-04,37.31,GBP
1503,Go Advanced,978-100-000-150-3,2020-11-30,90.19,USD
1504,C++ Essentials,978-100-000-150-4,2022-06-29,23.18,GBP
1505,Flutter Advanced,978-100-000-150-5,2020-02-14,74.82,USD
1506,DevOps Patterns,978-100-000-150-6,2021-12-27,74.26,GBP
1507,Vue Deep Dive,978-100-000-150-7,2021-03-05,35.10,USD
1508,Spring Demystified,978-100-000-150-8,2021-10-30,32.07,USD
1509,AI Deep Dive,978-100-000-150-9,2020-03-07,45.43,USD
1510,Docker Patterns,978-100-000-151-0,2021-01-21,28.01,GBP
1511,Haskell for Beginners,978-100-000-151-1,2022-01-12,71.84,GBP
1512,Laravel Deep Dive,978-100-000-151-2,2021-03-25,44.23,GBP
1513,Laravel Patterns,978-100-000-151-3,2021-07-01,60.92,GBP
1514,React Native Fundamentals,978-100-000-151-4,2020-02-05,33.09,GBP
1515,Blockchain for Beginners,978-100-000-151-5,2021-09-28,68.06,EUR
1516,Kubernetes in Action,978-100-000-151-6,2021-03-12,29.58,GBP
1517,Go Demystified,978-100-000-151-7,2021-05-02,55.44,EUR
1518,Cybersecurity Crash Course,978-100-000-151-8,2020-07-29,92.17,EUR
1519,Ruby Fundamentals,978-100-000-151-9,2020-09-26,43.26,USD
1520,Django Advanced,978-100-000-152-0,2021-11-11,61.03,EUR
1521,GCP Demystified,978-100-000-152-1,2020-06-24,35.92,GBP
1522,Angular Advanced,978-100-000-152-2,2021-07-13,29.27,EUR
1523,Docker Crash Course,978-100-000-152-3,2022-01-26,58.81,EUR
1524,AWS Patterns,978-100-000-152-4,2021-10-30,91.86,GBP
1525,AI Essentials,978-100-000-152-5,2022-04-17,32.76,EUR
1526,Docker in 24 Hours,978-100-000-152-6,2022-07-14,34.40,GBP
1527,React Native Cookbook,978-100-000-152-7,2022-03-29,40.46,EUR
1528,Vue Guide,978-100-000-152-8,2022-06-19,52.86,USD
1529,Blockchain Mastery,978-100-000-152-9,2020-04-07,37.87,USD
1530,Docker Advanced,978-100-000-153-0,2022-05-19,97.68,USD
1531,Rust Patterns,978-100-000-153-1,2021-02-09,85.91,GBP
1532,Blockchain in 24 Hours,978-100-000-153-2,2021-02-18,85.22,EUR
1533,Haskell Patterns,978-100-000-153-3,2022-08-12,83.72,EUR
1534,Kubernetes Guide,978-100-000-153-4,2021-02-16,81.57,GBP
1535,Django in Action,978-100-000-153-5,2022-04-21,57.48,EUR
1536,Blockchain Cookbook,978-100-000-153-6,2022-06-11,57.68,USD
1537,AWS Advanced,978-100-000-153-7,2021-06-05,93.37,GBP
1538,Laravel Fundamentals,978-100-000-153-8,2022-08-05,94.66,USD
1539,PHP Patterns,978-100-000-153-9,2021-05-07,17.10,EUR
1540,Flask Cookbook,978-100-000-154-0,2021-06-21,53.94,EUR
1541,Kotlin in Action,978-100-000-154-1,2020-08-30,43.42,EUR
1542,Blockchain Deep Dive,978-100-000-154-2,2021-05-31,57.06,USD
1543,Java Crash Course,978-100-000-154-3,2020-03-31,19.05,USD
1544,C++ Deep Dive,978-100-000-154-4,2020-08-18,38.11,EUR
1545,Rust in 24 Hours,978-100-000-154-5,2022-06-01,69.22,USD
1546,Blockchain for Beginners,978-100-000-154-6,2021-08-27,37.60,GBP
1547,JavaScript for Beginners,978-100-000-154-7,2020-06-24,87.95,GBP
1548,Erlang in 24 Hours,978-100-000-154-8,2022-04-17,14.87,GBP
1549,DevOps Essentials,978-100-000-154-9,2020-05-18,26.41,GBP
1550,Go Essentials,978-100-000-155-0,2021-07-06,14.80,USD
1551,Azure Cookbook,978-100-000-155-1,2022-05-16,78.55,USD
1552,DevOps Demystified,978-100-000-155-2,2020-11-17,41.34,GBP
1553,AI Demystified,978-100-000-155-3,2022-04-21,77.61,EUR
1554,TypeScript Essentials,978-100-000-155-4,2020-09-18,45.99,USD
1555,AWS in 24 Hours,978-100-000-155-5,2022-06-19,16.67,USD
1556,Cybersecurity Patterns,978-100-000-155-6,2022-05-11,33.08,USD
1557,Scala Mastery,978-100-000-155-7,2020-11-01,58.29,USD
1558,PHP Advanced,978-100-000-155-8,2021-06-24,35.44,USD
1559,Docker Patterns,978-100-000-155-9,2021-09-11,93.85,EUR
1560,Angular Patterns,978-100-000-156-0,2020-10-05,82.86,USD
1561,Spring Advanced,978-100-000-156-1,2020-03-01,65.39,EUR
1562,Erlang Guide,978-100-000-156-2,2021-07-17,28.28,USD
1563,Ruby Deep Dive,978-100-000-156-3,2020-11-02,43.30,USD
1564,C# Essentials,978-100-000-156-4,2020-07-07,19.53,USD
1565,DevOps Patterns,978-100-000-156-5,2022-05-15,77.12,USD
1566,DevOps Advanced,978-100-000-156-6,2022-03-04,74.86,EUR
1567,AI in Action,978-100-000-156-7,2022-01-07,81.20,EUR
1568,Azure Fundamentals,978-100-000-156-8,2022-07-17,81.04,USD
1569,C# Mastery,978-100-000-156-9,2020-11-02,51.65,EUR
1570,Azure in Action,978-100-000-157-0,2022-05-25,33.53,EUR
1571,Machine Learning in 24 Hours,978-100-000-157-1,2021-10-01,63.64,USD
1572,TypeScript Demystified,978-100-000-157-2,2021-05-26,32.90,EUR
1573,Docker Essentials,978-100-000-157-3,2020-01-05,33.20,GBP
1574,Laravel Demystified,978-100-000-157-4,2020-04-15,92.04,GBP
1575,AWS in Action,978-100-000-157-5,2022-02-20,71.08,GBP
1576,Elixir Crash Course,978-100-000-157-6,2020-03-10,79.63,EUR
1577,Angular Advanced,978-100-000-157-7,2022-02-16,99.29,GBP
1578,GCP Essentials,978-100-000-157-8,2021-04-17,52.37,EUR
1579,PHP Advanced,978-100-000-157-9,2022-04-29,41.64,EUR
1580,React Advanced,978-100-000-158-0,2021-07-27,74.39,EUR
1581,Flutter Guide,978-100-000-158-1,2022-09-23,53.41,USD
1582,JavaScript in 24 Hours,978-100-000-158-2,2020-11-03,50.35,EUR
1583,Haskell Cookbook,978-100-000-158-3,2022-02-11,12.40,EUR
1584,Docker Advanced,978-100-000-158-4,2020-09-19,40.76,USD
1585,JavaScript in Action,978-100-000-158-5,2021-05-22,93.74,EUR
1586,GCP Crash Course,978-100-000-158-6,2022-02-24,26.57,USD
1587,Vue Demystified,978-100-000-158-7,2022-01-14,35.95,USD
1588,Erlang Deep Dive,978-100-000-158-8,2022-09-05,90.40,GBP
1589,Machine Learning Demystified,978-100-000-158-9,2022-05-31,76.97,GBP
1590,Rust Mastery,978-100-000-159-0,2021-01-15,35.13,EUR
1591,Data Science Handbook,978-100-000-159-1,2020-12-12,69.30,USD
1592,React for Beginners,978-100-000-159-2,2020-02-28,74.95,USD
1593,JavaScript Advanced,978-100-000-159-3,2020-08-22,38.31,GBP
1594,Docker Deep Dive,978-100-000-159-4,2022-08-30,52.63,USD
1595,JavaScript Cookbook,978-100-000-159-5,2021-02-18,69.56,USD
1596,Ruby Crash Course,978-100-000-159-6,2021-09-08,54.55,GBP
1597,Docker for Beginners,978-100-000-159-7,2022-06-01,54.05,USD
1598,AWS Handbook,978-100-000-159-8,2021-04-02,83.70,EUR
1599,PHP Handbook,978-100-000-159-9,2021-08-17,62.34,GBP
1600,C# Fundamentals,978-100-000-160-0,2020-04-30,19.02,USD
1601,Vue for Beginners,978-100-000-160-1,2021-05-30,34.85,GBP
1602,React Handbook,978-100-000-160-2,2022-08-12,94.13,GBP
1603,Laravel Essentials,978-100-000-160-3,2020-01-18,41.46,EUR
1604,Laravel Essentials,978-100-000-160-4,2020-09-18,10.28,USD
1605,Rust Fundamentals,978-100-000-160-5,2020-12-15,50.87,USD
1606,AWS Patterns,978-100-000-160-6,2020-11-16,71.36,USD
1607,C++ in 24 Hours,978-100-000-160-7,2021-10-10,67.06,GBP
1608,Elixir Handbook,978-100-000-160-8,2021-03-12,81.40,EUR
1609,Swift Fundamentals,978-100-000-160-9,2020-05-15,95.72,GBP
1610,AI Guide,978-100-000-161-0,2021-08-19,59.57,EUR
1611,Elixir Patterns,978-100-000-161-1,2020-11-01,97.05,GBP
1612,Flutter in 24 Hours,978-100-000-161-2,2021-04-27,90.49,GBP
1613,Rust Deep Dive,978-100-000-161-3,2020-05-23,99.29,GBP
1614,Cybersecurity Cookbook,978-100-000-161-4,2020-10-19,88.98,USD
1615,Django for Beginners,978-100-000-161-5,2020-07-09,94.85,EUR
1616,DevOps Essentials,978-100-000-161-6,2022-09-06,91.48,EUR
1617,Go Patterns,978-100-000-161-7,2021-02-19,82.58,EUR
1618,Flutter Fundamentals,978-100-000-161-8,2021-03-16,40.81,USD
1619,Kotlin Mastery,978-100-000-161-9,2020-07-03,70.52,GBP
1620,Machine Learning Advanced,978-100-000-162-0,2022-03-05,62.42,EUR
1621,Angular Deep Dive,978-100-000-162-1,2021-03-24,48.47,EUR
1622,GCP in 24 Hours,978-100-000-162-2,2021-01-09,57.74,GBP
1623,DevOps in Action,978-100-000-162-3,2020-04-22,36.80,USD
1624,Laravel Advanced,978-100-000-162-4,2022-03-16,73.30,GBP
1625,AI Handbook,978-100-000-162-5,2021-10-01,74.90,GBP
1626,Data Science Crash Course,978-100-000-162-6,2020-08-29,38.47,GBP
1627,Angular Essentials,978-100-000-162-7,2020-08-24,73.78,USD
1628,Django for Beginners,978-100-000-162-8,2021-02-23,57.38,GBP
1629,Elixir for Beginners,978-100-000-162-9,2020-08-24,98.74,USD
1630,Machine Learning Deep Dive,978-100-000-163-0,2020-01-31,20.79,GBP
1631,React Native Advanced,978-100-000-163-1,2021-06-23,17.70,USD
1632,Vue Essentials,978-100-000-163-2,2020-01-28,21.85,GBP
1633,Blockchain Mastery,978-100-000-163-3,2021-04-07,91.63,EUR
1634,React Guide,978-100-000-163-4,2022-05-11,93.29,GBP
1635,Blockchain in Action,978-100-000-163-5,2022-08-16,68.66,EUR
1636,Flutter Cookbook,978-100-000-163-6,2022-04-15,33.30,USD
1637,React Native Guide,978-100-000-163-7,2021-03-30,81.12,USD
1638,TypeScript Demystified,978-100-000-163-8,2021-04-13,39.39,GBP
1639,Azure Demystified,978-100-000-163-9,2022-01-08,75.58,EUR
1640,React Native Cookbook,978-100-000-164-0,2021-04-28,83.95,EUR
1641,C++ Advanced,978-100-000-164-1,2021-08-24,20.85,USD
1642,TypeScript Cookbook,978-100-000-164-2,2022-01-16,66.73,GBP
1643,Kubernetes Patterns,978-100-000-164-3,2021-10-18,62.39,EUR
1644,Laravel Handbook,978-100-000-164-4,2020-07-12,91.98,GBP
1645,React Native in 24 Hours,978-100-000-164-5,2021-07-27,86.76,EUR
1646,Angular in Action,978-100-000-164-6,2020-05-04,59.28,GBP
1647,Rust Mastery,978-100-000-164-7,2020-07-25,13.61,GBP
1648,React Advanced,978-100-000-164-8,2020-09-24,39.62,GBP
1649,GCP Deep Dive,978-100-000-164-9,2020-03-21,55.53,EUR
1650,React Essentials,978-100-000-165-0,2021-05-03,84.88,GBP
1651,GCP Advanced,978-100-000-165-1,2021-05-31,79.60,EUR
1652,Go Handbook,978-100-000-165-2,2022-08-27,12.31,GBP
1653,Azure Mastery,978-100-000-165-3,2020-07-23,52.94,USD
1654,C# in Action,978-100-000-165-4,2022-04-07,50.27,USD
1655,AWS Handbook,978-100-000-165-5,2021-09-30,59.26,USD
1656,Flask Fundamentals,978-100-000-165-6,2020-07-02,99.17,EUR
1657,PHP Patterns,978-100-000-165-7,2021-07-26,81.30,EUR
1658,Data Science Fundamentals,978-100-000-165-8,2022-03-05,95.19,GBP
1659,Docker in 24 Hours,978-100-000-165-9,2020-12-05,43.95,GBP
1660,TypeScript in 24 Hours,978-100-000-166-0,2021-12-01,15.40,EUR
1661,GCP in Action,978-100-000-166-1,2021-07-04,41.12,GBP
1662,Docker Patterns,978-100-000-166-2,2022-02-12,56.70,USD
1663,Cybersecurity Guide,978-100-000-166-3,2020-07-19,38.81,GBP
1664,Blockchain Essentials,978-100-000-166-4,2022-03-24,35.13,EUR
1665,Haskell Crash Course,978-100-000-166-5,2020-09-16,59.10,EUR
1666,Flask Patterns,978-100-000-166-6,2020-09-27,65.45,GBP
1667,Elixir Guide,978-100-000-166-7,2022-02-25,14.41,USD
1668,Laravel Essentials,978-100-000-166-8,2021-05-14,59.29,USD
1669,AI for Beginners,978-100-000-166-9,2021-09-20,15.21,USD
1670,PHP in 24 Hours,978-100-000-167-0,2020-10-02,29.97,USD
1671,Flask Guide,978-100-000-167-1,2021-10-22,49.36,USD
1672,React Native Cookbook,978-100-000-167-2,2022-07-28,24.13,USD
1673,Erlang in 24 Hours,978-100-000-167-3,2020-04-11,92.31,USD
1674,Rust Essentials,978-100-000-167-4,2021-01-07,53.93,GBP
1675,PHP Fundamentals,978-100-000-167-5,2020-08-24,79.39,EUR
1676,Scala for Beginners,978-100-000-167-6,2020-12-14,45.30,EUR
1677,TypeScript Deep Dive,978-100-000-167-7,2020-03-22,48.64,EUR
1678,Docker Cookbook,978-100-000-167-8,2022-06-18,29.25,USD
1679,DevOps Crash Course,978-100-000-167-9,2021-08-30,37.63,EUR
1680,Angular Essentials,978-100-000-168-0,2022-02-15,86.70,GBP
1681,PHP Handbook,978-100-000-168-1,2022-06-18,77.09,USD
1682,Cybersecurity Handbook,978-100-000-168-2,2020-06-11,40.78,GBP
1683,Azure Guide,978-100-000-168-3,2022-05-07,29.94,GBP
1684,C++ Patterns,978-100-000-168-4,2020-05-04,22.28,GBP
1685,Kubernetes Essentials,978-100-000-168-5,2021-02-21,17.44,GBP
1686,Flask Demystified,978-100-000-168-6,2022-07-10,54.88,GBP
1687,Azure in Action,978-100-000-168-7,2021-11-12,99.89,USD
1688,Data Science Advanced,978-100-000-168-8,2021-12-09,66.52,GBP
1689,Cybersecurity Deep Dive,978-100-000-168-9,2020-02-08,60.85,EUR
1690,Spring Essentials,978-100-000-169-0,2022-06-19,70.10,USD
1691,Go Demystified,978-100-000-169-1,2020-07-16,53.58,GBP
1692,Kubernetes Crash Course,978-100-000-169-2,2022-09-17,77.92,GBP
1693,Haskell Demystified,978-100-000-169-3,2020-05-07,25.71,EUR
1694,AI Crash Course,978-100-000-169-4,2022-01-05,45.22,USD
1695,Rust Handbook,978-100-000-169-5,2020-01-03,45.51,GBP
1696,Flutter in 24 Hours,978-100-000-169-6,2020-08-19,65.11,GBP
1697,Java for Beginners,978-100-000-169-7,2020-09-03,78.47,EUR
1698,Kubernetes Fundamentals,978-100-000-169-8,2022-06-18,64.04,USD
1699,DevOps Mastery,978-100-000-169-9,2021-04-11,95.00,USD
1700,React Native Cookbook,978-100-000-170-0,2022-08-01,25.34,USD
1701,Swift Patterns,978-100-000-170-1,2021-06-29,38.31,EUR
1702,Machine Learning for Beginners,978-100-000-170-2,2020-04-20,47.14,USD
1703,Java Cookbook,978-100-000-170-3,2021-12-06,84.63,USD
1704,Data Science Patterns,978-100-000-170-4,2022-08-20,97.97,USD
1705,Kotlin Essentials,978-100-000-170-5,2021-04-24,28.15,EUR
1706,Go Guide,978-100-000-170-6,2020-12-26,93.12,GBP
1707,Azure Mastery,978-100-000-170-7,2021-01-28,68.64,USD
1708,Java for Beginners,978-100-000-170-8,2020-04-04,98.41,USD
1709,React Handbook,978-100-000-170-9,2021-10-28,32.62,USD
1710,Go in Action,978-100-000-171-0,2022-01-07,77.79,USD
1711,Kubernetes Advanced,978-100-000-171-1,2021-05-13,76.42,GBP
1712,TypeScript Demystified,978-100-000-171-2,2020-07-15,30.66,USD
1713,Kotlin Deep Dive,978-100-000-171-3,2020-05-18,22.54,GBP
1714,Haskell Mastery,978-100-000-171-4,2021-01-14,62.78,GBP
1715,Azure in Action,978-100-000-171-5,2020-09-15,74.32,EUR
1716,Erlang Patterns,978-100-000-171-6,2021-09-18,78.71,EUR
1717,Go Essentials,978-100-000-171-7,2020-05-19,20.21,GBP
1718,Azure Handbook,978-100-000-171-8,2020-04-09,28.67,USD
1719,Flutter Demystified,978-100-000-171-9,2022-04-16,59.11,USD
1720,Java Essentials,978-100-000-172-0,2022-05-07,97.83,GBP
1721,Vue for Beginners,978-100-000-172-1,2021-07-24,34.25,EUR
1722,PHP Patterns,978-100-000-172-2,2020-11-17,83.03,GBP
1723,Angular in Action,978-100-000-172-3,2020-05-17,66.12,EUR
1724,Angular Deep Dive,978-100-000-172-4,2020-01-02,18.52,GBP
1725,Elixir Handbook,978-100-000-172-5,2021-02-07,62.40,EUR
1726,Data Science Demystified,978-100-000-172-6,2020-04-07,36.72,GBP
1727,Vue Patterns,978-100-000-172-7,2022-01-28,72.10,EUR
1728,Spring Advanced,978-100-000-172-8,2020-04-05,58.84,EUR
1729,JavaScript Cookbook,978-100-000-172-9,2020-02-29,21.26,EUR
1730,DevOps Deep Dive,978-100-000-173-0,2020-11-02,90.65,USD
1731,Laravel Advanced,978-100-000-173-1,2022-04-12,17.13,USD
1732,Vue Mastery,978-100-000-173-2,2022-03-24,93.02,GBP
1733,TypeScript Mastery,978-100-000-173-3,2021-08-25,22.08,GBP
1734,Go Handbook,978-100-000-173-4,2022-05-03,68.03,GBP
1735,Swift in Action,978-100-000-173-5,2020-11-21,97.76,EUR
1736,Laravel Guide,978-100-000-173-6,2021-04-11,78.13,EUR
1737,Data Science Handbook,978-100-000-173-7,2020-03-12,21.68,USD
1738,Machine Learning Demystified,978-100-000-173-8,2022-03-28,42.54,GBP
1739,Docker Fundamentals,978-100-000-173-9,2020-05-27,83.40,GBP
1740,Laravel Essentials,978-100-000-174-0,2020-08-13,47.39,USD
1741,Scala Demystified,978-100-000-174-1,2022-05-28,61.99,EUR
1742,React Advanced,978-100-000-174-2,2020-07-15,63.59,EUR
1743,Rust in 24 Hours,978-100-000-174-3,2021-12-07,64.13,USD
1744,Blockchain Advanced,978-100-000-174-4,2021-07-16,80.48,EUR
1745,Blockchain Handbook,978-100-000-174-5,2022-06-11,49.10,USD
1746,AI Advanced,978-100-000-174-6,2021-05-17,90.17,USD
1747,Rust in Action,978-100-000-174-7,2021-10-03,58.04,EUR
1748,Python in Action,978-100-000-174-8,2021-04-06,18.92,USD
1749,Spring Advanced,978-100-000-174-9,2020-06-08,38.97,USD
1750,Swift Guide,978-100-000-175-0,2020-10-06,81.56,USD
1751,DevOps Deep Dive,978-100-000-175-1,2020-09-25,37.63,GBP
1752,Flask in 24 Hours,978-100-000-175-2,2021-12-18,86.63,GBP
1753,Blockchain in 24 Hours,978-100-000-175-3,2021-10-01,80.06,EUR
1754,GCP Advanced,978-100-000-175-4,2021-03-01,80.11,EUR
1755,React Mastery,978-100-000-175-5,2022-06-28,52.80,GBP
1756,JavaScript Demystified,978-100-000-175-6,2022-07-20,53.25,EUR
1757,Go in 24 Hours,978-100-000-175-7,2021-05-05,67.92,GBP
1758,Machine Learning for Beginners,978-100-000-175-8,2020-02-03,38.76,USD
1759,Angular Mastery,978-100-000-175-9,2020-03-12,15.50,EUR
1760,Django Handbook,978-100-000-176-0,2021-06-27,16.59,EUR
1761,Elixir Deep Dive,978-100-000-176-1,2021-09-27,18.19,GBP
1762,AI Guide,978-100-000-176-2,2020-09-01,36.59,GBP
1763,Flutter Deep Dive,978-100-000-176-3,2020-10-15,61.52,GBP
1764,Blockchain Patterns,978-100-000-176-4,2021-06-20,84.65,USD
1765,Kotlin Advanced,978-100-000-176-5,2020-04-01,71.62,GBP
1766,Machine Learning Essentials,978-100-000-176-6,2021-12-08,97.89,USD
1767,Swift Cookbook,978-100-000-176-7,2020-12-21,82.59,EUR
1768,Erlang Cookbook,978-100-000-176-8,2021-10-17,67.05,GBP
1769,Flask Fundamentals,978-100-000-176-9,2020-05-07,60.23,GBP
1770,JavaScript for Beginners,978-100-000-177-0,2020-12-16,42.00,USD
1771,Haskell Handbook,978-100-000-177-1,2022-01-21,23.23,GBP
1772,Swift in 24 Hours,978-100-000-177-2,2021-09-11,52.40,USD
1773,Erlang for Beginners,978-100-000-177-3,2022-01-24,86.41,EUR
1774,Java Deep Dive,978-100-000-177-4,2021-05-09,32.14,USD
1775,DevOps Deep Dive,978-100-000-177-5,2021-05-09,13.47,GBP
1776,AI Crash Course,978-100-000-177-6,2020-01-23,95.67,USD
1777,Go Patterns,978-100-000-177-7,2022-09-12,12.40,GBP
1778,Elixir for Beginners,978-100-000-177-8,2020-07-23,12.60,EUR
1779,Scala Guide,978-100-000-177-9,2021-09-21,66.41,EUR
1780,Scala Cookbook,978-100-000-178-0,2020-01-10,60.33,GBP
1781,Angular Advanced,978-100-000-178-1,2022-09-18,24.80,GBP
1782,C++ Guide,978-100-000-178-2,2020-10-27,29.71,EUR
1783,Go Patterns,978-100-000-178-3,2020-08-27,19.57,GBP
1784,Swift for Beginners,978-100-000-178-4,2020-11-07,70.09,EUR
1785,DevOps Demystified,978-100-000-178-5,2020-05-25,36.07,EUR
1786,Ruby Advanced,978-100-000-178-6,2022-02-01,19.03,EUR
1787,DevOps for Beginners,978-100-000-178-7,2021-10-20,12.06,GBP
1788,PHP Fundamentals,978-100-000-178-8,2022-02-18,62.05,EUR
1789,Blockchain Crash Course,978-100-000-178-9,2021-09-19,80.71,EUR
1790,Rust Deep Dive,978-100-000-179-0,2020-10-28,33.74,USD
1791,Blockchain Mastery,978-100-000-179-1,2022-06-24,78.84,GBP
1792,PHP in 24 Hours,978-100-000-179-2,2021-05-26,79.77,EUR
1793,Machine Learning Cookbook,978-100-000-179-3,2021-10-03,86.51,GBP
1794,C# Crash Course,978-100-000-179-4,2021-07-18,57.78,USD
1795,C++ Crash Course,978-100-000-179-5,2020-04-22,41.77,GBP
1796,Java in Action,978-100-000-179-6,2020-08-26,18.41,USD
1797,C++ in 24 Hours,978-100-000-179-7,2020-04-09,84.19,USD
1798,Data Science Fundamentals,978-100-000-179-8,2022-07-03,18.54,EUR
1799,Python Patterns,978-100-000-179-9,2020-11-12,55.16,EUR
1800,C# Deep Dive,978-100-000-180-0,2021-06-29,71.13,GBP
1801,Docker Fundamentals,978-100-000-180-1,2022-02-24,88.58,USD
1802,React Essentials,978-100-000-180-2,2022-04-03,72.93,EUR
1803,Azure Essentials,978-100-000-180-3,2021-11-18,40.47,GBP
1804,Ruby Deep Dive,978-100-000-180-4,2022-02-01,30.56,GBP
1805,Java Cookbook,978-100-000-180-5,2020-12-22,70.63,USD
1806,Cybersecurity in 24 Hours,978-100-000-180-6,2021-11-03,12.19,EUR
1807,Java Advanced,978-100-000-180-7,2021-08-19,19.96,EUR
1808,Django Cookbook,978-100-000-180-8,2022-04-25,10.05,EUR
1809,Ruby Guide,978-100-000-180-9,2022-07-18,27.92,USD
1810,JavaScript Essentials,978-100-000-181-0,2021-01-08,67.84,USD
1811,DevOps Cookbook,978-100-000-181-1,2020-11-30,79.92,GBP
1812,Erlang Patterns,978-100-000-181-2,2020-03-03,71.88,EUR
1813,Laravel in Action,978-100-000-181-3,2020-10-24,13.35,USD
1814,Haskell in 24 Hours,978-100-000-181-4,2021-05-31,89.24,GBP
1815,Data Science Crash Course,978-100-000-181-5,2022-07-10,92.19,GBP
1816,Elixir Essentials,978-100-000-181-6,2020-11-18,21.35,EUR
1817,Data Science Cookbook,978-100-000-181-7,2021-02-07,36.88,GBP
1818,Rust in Action,978-100-000-181-8,2021-10-17,87.93,EUR
1819,Laravel Cookbook,978-100-000-181-9,2020-01-24,42.49,EUR
1820,Machine Learning Deep Dive,978-100-000-182-0,2022-06-12,59.10,GBP
1821,C# Demystified,978-100-000-182-1,2021-06-03,52.33,EUR
1822,Azure in 24 Hours,978-100-000-182-2,2020-07-13,66.13,USD
1823,Azure Guide,978-100-000-182-3,2020-06-04,12.00,EUR
1824,Vue Fundamentals,978-100-000-182-4,2021-06-30,65.32,EUR
1825,Flask Guide,978-100-000-182-5,2020-04-17,53.03,GBP
1826,Cybersecurity in 24 Hours,978-100-000-182-6,2020-02-14,76.91,GBP
1827,Angular Essentials,978-100-000-182-7,2022-06-10,25.71,GBP
1828,Swift Crash Course,978-100-000-182-8,2021-07-05,85.89,GBP
1829,Azure Essentials,978-100-000-182-9,2021-11-03,99.02,USD
1830,Kubernetes in 24 Hours,978-100-000-183-0,2021-10-07,86.48,EUR
1831,AI Demystified,978-100-000-183-1,2021-02-02,75.87,EUR
1832,C# Handbook,978-100-000-183-2,2021-09-30,77.49,USD
1833,Cybersecurity Advanced,978-100-000-183-3,2020-02-11,44.34,USD
1834,Java Advanced,978-100-000-183-4,2020-02-13,26.47,GBP
1835,Ruby Mastery,978-100-000-183-5,2021-02-06,64.34,EUR
1836,React Essentials,978-100-000-183-6,2021-06-18,82.34,USD
1837,C# Fundamentals,978-100-000-183-7,2021-07-28,91.64,GBP
1838,Flask Crash Course,978-100-000-183-8,2021-11-20,49.90,EUR
1839,Spring Guide,978-100-000-183-9,2020-10-13,69.25,GBP
1840,Angular Guide,978-100-000-184-0,2020-02-07,38.15,GBP
1841,Flask Handbook,978-100-000-184-1,2020-07-09,63.58,USD
1842,Flutter Deep Dive,978-100-000-184-2,2020-04-26,54.33,USD
1843,Swift for Beginners,978-100-000-184-3,2020-12-10,90.60,USD
1844,AWS Handbook,978-100-000-184-4,2020-12-20,31.96,GBP
1845,Flutter Handbook,978-100-000-184-5,2022-09-20,72.06,GBP
1846,Go Handbook,978-100-000-184-6,2022-07-25,27.52,GBP
1847,Rust Advanced,978-100-000-184-7,2022-08-03,23.26,GBP
1848,Kubernetes in 24 Hours,978-100-000-184-8,2022-09-22,91.58,GBP
1849,Erlang Crash Course,978-100-000-184-9,2022-02-19,80.61,GBP
1850,Machine Learning Crash Course,978-100-000-185-0,2022-06-26,87.38,EUR
1851,GCP Demystified,978-100-000-185-1,2020-09-18,49.38,EUR
1852,PHP Fundamentals,978-100-000-185-2,2021-07-15,82.09,GBP
1853,Flutter in 24 Hours,978-100-000-185-3,2022-05-30,50.35,USD
1854,Swift for Beginners,978-100-000-185-4,2021-01-06,74.12,GBP
1855,Haskell Guide,978-100-000-185-5,2022-05-31,63.73,EUR
1856,Laravel Mastery,978-100-000-185-6,2022-05-06,35.03,USD
1857,Kubernetes in 24 Hours,978-100-000-185-7,2021-03-03,66.66,GBP
1858,AI Deep Dive,978-100-000-185-8,2020-03-10,60.57,EUR
1859,Django Cookbook,978-100-000-185-9,2020-02-25,47.41,EUR
1860,Java in Action,978-100-000-186-0,2020-10-04,86.78,GBP
1861,AI in Action,978-100-000-186-1,2022-08-10,92.31,GBP
1862,Laravel Crash Course,978-100-000-186-2,2020-08-18,12.56,GBP
1863,Docker for Beginners,978-100-000-186-3,2021-12-30,61.05,GBP
1864,React Native Handbook,978-100-000-186-4,2022-04-22,69.86,USD
1865,JavaScript for Beginners,978-100-000-186-5,2022-06-19,51.22,EUR
1866,Cybersecurity Deep Dive,978-100-000-186-6,2022-06-21,71.37,GBP
1867,Swift Demystified,978-100-000-186-7,2021-04-08,90.74,USD
1868,Swift Mastery,978-100-000-186-8,2021-05-28,84.03,EUR
1869,Flutter Demystified,978-100-000-186-9,2021-07-15,48.80,GBP
1870,Python Mastery,978-100-000-187-0,2020-09-22,43.98,USD
1871,Docker Essentials,978-100-000-187-1,2020-10-30,19.88,USD
1872,React Native Essentials,978-100-000-187-2,2021-10-31,11.29,GBP
1873,Kotlin Deep Dive,978-100-000-187-3,2021-02-14,19.45,EUR
1874,Machine Learning in 24 Hours,978-100-000-187-4,2021-11-01,46.97,GBP
1875,Flutter Demystified,978-100-000-187-5,2022-03-16,15.81,GBP
1876,Docker Advanced,978-100-000-187-6,2020-12-27,37.08,USD
1877,JavaScript Patterns,978-100-000-187-7,2021-09-28,37.10,GBP
1878,Docker Advanced,978-100-000-187-8,2021-06-05,74.92,USD
1879,Rust Demystified,978-100-000-187-9,2021-01-27,25.30,GBP
1880,Python Guide,978-100-000-188-0,2022-04-24,21.03,GBP
1881,JavaScript Fundamentals,978-100-000-188-1,2022-09-13,86.06,USD
1882,Data Science Handbook,978-100-000-188-2,2020-08-03,19.50,USD
1883,AWS Handbook,978-100-000-188-3,2021-03-03,77.41,USD
1884,Cybersecurity Essentials,978-100-000-188-4,2020-02-25,76.98,EUR
1885,React Native Crash Course,978-100-000-188-5,2022-01-15,38.14,GBP
1886,GCP Mastery,978-100-000-188-6,2021-01-15,48.28,EUR
1887,Python Mastery,978-100-000-188-7,2021-12-08,73.56,GBP
1888,Python Essentials,978-100-000-188-8,2021-01-23,34.74,EUR
1889,Flutter for Beginners,978-100-000-188-9,2021-12-08,30.10,EUR
1890,DevOps for Beginners,978-100-000-189-0,2020-01-22,96.84,GBP
1891,Erlang Crash Course,978-100-000-189-1,2020-09-17,96.91,GBP
1892,C++ Essentials,978-100-000-189-2,2021-02-08,42.25,GBP
1893,Java in Action,978-100-000-189-3,2022-02-06,25.75,USD
1894,Kubernetes Fundamentals,978-100-000-189-4,2022-01-31,73.76,USD
1895,GCP Patterns,978-100-000-189-5,2020-12-07,20.83,EUR
1896,Erlang Advanced,978-100-000-189-6,2022-01-25,24.07,EUR
1897,React Handbook,978-100-000-189-7,2020-04-19,45.57,GBP
1898,PHP Deep Dive,978-100-000-189-8,2020-03-17,87.65,EUR
1899,Rust in Action,978-100-000-189-9,2020-03-18,11.91,GBP
1900,Machine Learning Guide,978-100-000-190-0,2022-03-10,94.16,EUR
1901,Swift Essentials,978-100-000-190-1,2020-05-13,18.57,EUR
1902,Docker Demystified,978-100-000-190-2,2020-07-23,23.19,EUR
1903,Scala Cookbook,978-100-000-190-3,2021-03-12,79.85,USD
1904,Haskell Cookbook,978-100-000-190-4,2022-04-06,62.88,GBP
1905,Erlang Patterns,978-100-000-190-5,2022-08-10,54.27,USD
1906,Java Advanced,978-100-000-190-6,2021-04-13,99.48,USD
1907,TypeScript Advanced,978-100-000-190-7,2020-12-15,55.33,EUR
1908,TypeScript Crash Course,978-100-000-190-8,2021-03-05,90.55,USD
1909,Docker Mastery,978-100-000-190-9,2022-02-26,70.67,EUR
1910,PHP Guide,978-100-000-191-0,2021-12-08,70.48,EUR
1911,React Native Handbook,978-100-000-191-1,2022-07-27,21.60,GBP
1912,Kubernetes in 24 Hours,978-100-000-191-2,2021-07-16,69.91,GBP
1913,Blockchain Fundamentals,978-100-000-191-3,2021-11-11,95.81,USD
1914,DevOps Guide,978-100-000-191-4,2020-05-05,70.67,EUR
1915,Ruby Cookbook,978-100-000-191-5,2020-04-14,66.66,USD
1916,Blockchain Patterns,978-100-000-191-6,2020-03-14,34.19,EUR
1917,Docker Guide,978-100-000-191-7,2022-04-29,40.61,EUR
1918,Flask Demystified,978-100-000-191-8,2022-08-02,88.62,EUR
1919,Elixir Essentials,978-100-000-191-9,2021-04-13,13.95,GBP
1920,React Demystified,978-100-000-192-0,2022-07-02,67.98,GBP
1921,Data Science Deep Dive,978-100-000-192-1,2020-08-28,98.56,USD
1922,AWS in 24 Hours,978-100-000-192-2,2021-09-22,35.49,GBP
1923,Flask for Beginners,978-100-000-192-3,2020-09-24,23.21,GBP
1924,Django Essentials,978-100-000-192-4,2020-04-01,71.12,USD
1925,Erlang Fundamentals,978-100-000-192-5,2021-08-10,76.49,EUR
1926,Azure in Action,978-100-000-192-6,2021-01-28,89.16,USD
1927,Python for Beginners,978-100-000-192-7,2020-07-07,58.49,EUR
1928,DevOps Guide,978-100-000-192-8,2021-06-14,51.86,USD
1929,Cybersecurity Demystified,978-100-000-192-9,2021-05-20,26.27,EUR
1930,Spring Mastery,978-100-000-193-0,2020-10-22,65.66,GBP
1931,C++ Crash Course,978-100-000-193-1,2022-02-23,86.69,GBP
1932,Swift for Beginners,978-100-000-193-2,2022-01-26,66.05,EUR
1933,Docker Mastery,978-100-000-193-3,2020-07-28,18.85,GBP
1934,Elixir in 24 Hours,978-100-000-193-4,2020-11-05,26.89,EUR
1935,Django Guide,978-100-000-193-5,2022-01-13,62.83,USD
1936,Flask Guide,978-100-000-193-6,2020-03-02,99.64,GBP
1937,Blockchain Fundamentals,978-100-000-193-7,2020-08-08,60.55,USD
1938,C++ for Beginners,978-100-000-193-8,2020-11-08,23.18,USD
1939,C# Essentials,978-100-000-193-9,2022-01-21,28.32,USD
1940,Kotlin Guide,978-100-000-194-0,2020-11-05,90.84,GBP
1941,Angular in Action,978-100-000-194-1,2021-04-22,25.44,GBP
1942,Haskell Essentials,978-100-000-194-2,2022-03-30,19.11,GBP
1943,Java Crash Course,978-100-000-194-3,2020-11-30,68.34,GBP
1944,React Native Cookbook,978-100-000-194-4,2021-10-15,10.45,GBP
1945,Machine Learning Handbook,978-100-000-194-5,2022-01-06,46.96,EUR
1946,Django Patterns,978-100-000-194-6,2021-03-06,38.96,GBP
1947,React in 24 Hours,978-100-000-194-7,2022-07-25,26.71,GBP
1948,Data Science in Action,978-100-000-194-8,2022-07-24,40.53,USD
1949,Laravel Demystified,978-100-000-194-9,2021-02-18,66.76,GBP
1950,C# Deep Dive,978-100-000-195-0,2021-03-26,69.01,GBP
1951,Data Science in 24 Hours,978-100-000-195-1,2021-09-21,79.87,EUR
1952,JavaScript Crash Course,978-100-000-195-2,2022-07-19,90.35,USD
1953,DevOps in 24 Hours,978-100-000-195-3,2021-02-28,85.80,USD
1954,Cybersecurity Deep Dive,978-100-000-195-4,2020-03-01,81.95,EUR
1955,Go Deep Dive,978-100-000-195-5,2020-12-04,90.22,GBP
1956,Kotlin Patterns,978-100-000-195-6,2020-07-25,36.26,USD
1957,Spring in 24 Hours,978-100-000-195-7,2022-07-09,15.75,GBP
1958,Java Patterns,978-100-000-195-8,2021-07-13,77.09,GBP
1959,Erlang Deep Dive,978-100-000-195-9,2022-05-07,53.24,USD
1960,TypeScript Fundamentals,978-100-000-196-0,2020-03-07,65.75,EUR
1961,Java Cookbook,978-100-000-196-1,2020-04-21,53.48,GBP
1962,Spring Mastery,978-100-000-196-2,2021-07-19,91.90,USD
1963,AI Handbook,978-100-000-196-3,2020-04-04,83.27,GBP
1964,Kotlin Guide,978-100-000-196-4,2021-07-06,61.59,USD
1965,Flask Guide,978-100-000-196-5,2022-07-26,59.69,GBP
1966,PHP Handbook,978-100-000-196-6,2021-07-19,76.47,USD
1967,Flask in Action,978-100-000-196-7,2021-05-12,74.22,EUR
1968,Python Demystified,978-100-000-196-8,2022-07-30,65.10,USD
1969,Flutter Cookbook,978-100-000-196-9,2020-02-14,12.07,USD
1970,PHP Handbook,978-100-000-197-0,2021-07-21,57.63,USD
1971,Python Fundamentals,978-100-000-197-1,2022-08-29,85.76,GBP
1972,Data Science Handbook,978-100-000-197-2,2021-07-01,56.18,GBP
1973,Django Deep Dive,978-100-000-197-3,2020-07-26,75.06,EUR
1974,Docker Patterns,978-100-000-197-4,2021-07-31,99.89,USD
1975,Swift Demystified,978-100-000-197-5,2020-06-05,17.57,USD
1976,React Mastery,978-100-000-197-6,2021-03-18,54.42,USD
1977,Rust Demystified,978-100-000-197-7,2020-12-26,71.96,GBP
1978,Scala for Beginners,978-100-000-197-8,2021-07-18,39.65,GBP
1979,Django Deep Dive,978-100-000-197-9,2020-01-25,70.82,EUR
1980,Elixir Demystified,978-100-000-198-0,2021-12-23,53.91,USD
1981,Laravel Demystified,978-100-000-198-1,2021-01-09,20.23,GBP
1982,Spring Advanced,978-100-000-198-2,2021-08-29,14.04,GBP
1983,Ruby Cookbook,978-100-000-198-3,2021-10-16,82.47,GBP
1984,Azure Cookbook,978-100-000-198-4,2021-06-16,30.47,EUR
1985,Spring in Action,978-100-000-198-5,2022-02-18,51.86,EUR
1986,Flask Deep Dive,978-100-000-198-6,2022-03-07,13.31,GBP
1987,C# Handbook,978-100-000-198-7,2021-10-30,94.57,EUR
1988,JavaScript for Beginners,978-100-000-198-8,2021-08-15,46.31,USD
1989,Ruby Mastery,978-100-000-198-9,2021-12-04,42.73,EUR
1990,Docker Demystified,978-100-000-199-0,2020-03-13,12.04,GBP
1991,Swift Advanced,978-100-000-199-1,2020-04-24,14.33,EUR
1992,DevOps Advanced,978-100-000-199-2,2021-12-19,18.42,USD
1993,AI Fundamentals,978-100-000-199-3,2021-08-14,17.38,EUR
1994,Erlang in 24 Hours,978-100-000-199-4,2020-07-16,91.74,EUR
1995,Data Science Cookbook,978-100-000-199-5,2021-08-10,53.19,USD
1996,Flask Handbook,978-100-000-199-6,2020-06-21,57.25,EUR
1997,Machine Learning in Action,978-100-000-199-7,2021-10-26,12.58,EUR
1998,Django Patterns,978-100-000-199-8,2021-02-20,56.37,EUR
1999,Cybersecurity Guide,978-100-000-199-9,2022-07-26,89.36,USD
2000,Vue Essentials,978-100-000-200-0,2022-05-02,78.73,EUR
2001,Python Guide,978-100-000-200-1,2020-05-04,31.91,GBP
2002,Blockchain Handbook,978-100-000-200-2,2022-07-01,76.36,EUR
2003,Cybersecurity in Action,978-100-000-200-3,2021-05-28,77.52,USD
2004,TypeScript Demystified,978-100-000-200-4,2021-03-26,82.69,EUR
2005,Swift Advanced,978-100-000-200-5,2020-07-14,33.10,USD
2006,Kotlin Guide,978-100-000-200-6,2020-04-09,55.11,GBP
2007,Java Cookbook,978-100-000-200-7,2020-01-03,41.56,GBP
2008,Python Mastery,978-100-000-200-8,2021-05-31,41.88,USD
2009,Angular in Action,978-100-000-200-9,2020-04-22,85.98,USD
2010,PHP Fundamentals,978-100-000-201-0,2021-05-25,86.39,USD
2011,TypeScript Mastery,978-100-000-201-1,2021-08-05,78.74,EUR
2012,Rust Demystified,978-100-000-201-2,2020-10-14,29.76,USD
2013,Django Guide,978-100-000-201-3,2022-05-25,71.12,USD
2014,Haskell Guide,978-100-000-201-4,2020-04-04,74.51,USD
2015,React Native Essentials,978-100-000-201-5,2021-02-27,22.67,GBP
2016,Python Cookbook,978-100-000-201-6,2021-07-31,69.44,GBP
2017,React in 24 Hours,978-100-000-201-7,2021-04-12,99.56,EUR
2018,Haskell in 24 Hours,978-100-000-201-8,2021-05-08,99.51,GBP
2019,AI Guide,978-100-000-201-9,2020-10-27,53.16,GBP
2020,Vue Mastery,978-100-000-202-0,2022-07-20,79.27,EUR
2021,Machine Learning Essentials,978-100-000-202-1,2021-12-29,77.80,USD
2022,AWS Mastery,978-100-000-202-2,2020-04-08,68.31,GBP
2023,React Mastery,978-100-000-202-3,2020-10-18,53.59,USD
2024,Haskell Cookbook,978-100-000-202-4,2020-12-05,40.67,GBP
2025,Swift Patterns,978-100-000-202-5,2021-07-25,39.78,USD
2026,TypeScript Mastery,978-100-000-202-6,2022-04-04,40.51,EUR
2027,Scala Patterns,978-100-000-202-7,2022-07-26,19.93,USD
2028,Java Demystified,978-100-000-202-8,2020-04-02,60.27,USD
2029,Cybersecurity Deep Dive,978-100-000-202-9,2020-01-02,86.47,GBP
2030,Blockchain Mastery,978-100-000-203-0,2020-03-23,26.21,EUR
2031,Scala Demystified,978-100-000-203-1,2020-03-29,63.05,USD
2032,C# Fundamentals,978-100-000-203-2,2020-08-22,69.04,GBP
2033,Rust Essentials,978-100-000-203-3,2020-10-22,26.51,USD
2034,Scala Patterns,978-100-000-203-4,2020-12-23,45.92,GBP
2035,Angular Deep Dive,978-100-000-203-5,2022-03-17,86.22,USD
2036,Vue for Beginners,978-100-000-203-6,2020-09-28,46.32,USD
2037,Java in Action,978-100-000-203-7,2021-09-17,87.30,EUR
2038,C++ Crash Course,978-100-000-203-8,2020-11-14,26.81,EUR
2039,Go Cookbook,978-100-000-203-9,2020-03-28,99.17,GBP
2040,Haskell Advanced,978-100-000-204-0,2022-09-06,26.90,GBP
2041,JavaScript Fundamentals,978-100-000-204-1,2021-11-24,69.66,EUR
2042,Cybersecurity Demystified,978-100-000-204-2,2020-11-15,68.32,USD
2043,Flutter Cookbook,978-100-000-204-3,2020-11-18,56.55,GBP
2044,DevOps Crash Course,978-100-000-204-4,2021-03-05,66.69,USD
2045,JavaScript Cookbook,978-100-000-204-5,2022-03-03,57.26,USD
2046,Python Advanced,978-100-000-204-6,2021-09-13,15.06,EUR
2047,Flutter Guide,978-100-000-204-7,2022-08-02,80.00,GBP
2048,Elixir Essentials,978-100-000-204-8,2021-06-04,83.07,GBP
2049,React Native Guide,978-100-000-204-9,2020-03-17,73.81,USD
2050,GCP Guide,978-100-000-205-0,2021-02-12,70.60,USD
2051,Blockchain Deep Dive,978-100-000-205-1,2020-10-21,61.56,GBP
2052,TypeScript Patterns,978-100-000-205-2,2020-12-10,77.90,GBP
2053,React Deep Dive,978-100-000-205-3,2022-04-17,58.57,GBP
2054,DevOps Advanced,978-100-000-205-4,2020-10-09,50.63,EUR
2055,Spring Deep Dive,978-100-000-205-5,2022-09-01,53.67,USD
2056,PHP Mastery,978-100-000-205-6,2021-04-02,48.00,GBP
2057,Blockchain Crash Course,978-100-000-205-7,2022-03-19,83.98,EUR
2058,Kubernetes Cookbook,978-100-000-205-8,2021-02-06,57.61,EUR
2059,Elixir Advanced,978-100-000-205-9,2020-11-14,89.05,EUR
2060,Rust Mastery,978-100-000-206-0,2020-02-11,81.80,GBP
2061,Azure Essentials,978-100-000-206-1,2020-06-28,14.23,USD
2062,C++ Essentials,978-100-000-206-2,2020-01-03,32.83,GBP
2063,Django in 24 Hours,978-100-000-206-3,2021-01-24,55.45,GBP
2064,Data Science Demystified,978-100-000-206-4,2022-01-29,77.90,EUR
2065,Vue for Beginners,978-100-000-206-5,2020-05-10,51.48,GBP
2066,C++ Fundamentals,978-100-000-206-6,2022-07-31,31.98,EUR
2067,Swift in Action,978-100-000-206-7,2020-09-21,39.17,EUR
2068,AI Cookbook,978-100-000-206-8,2021-07-07,73.57,USD
2069,Rust Mastery,978-100-000-206-9,2021-09-11,62.05,GBP
2070,Go Mastery,978-100-000-207-0,2022-09-22,32.80,EUR
2071,PHP Advanced,978-100-000-207-1,2020-10-23,75.23,EUR
2072,Scala for Beginners,978-100-000-207-2,2021-03-08,73.10,USD
2073,C++ Deep Dive,978-100-000-207-3,2021-10-18,76.26,USD
2074,Data Science Mastery,978-100-000-207-4,2022-06-10,98.13,EUR
2075,Data Science Fundamentals,978-100-000-207-5,2020-08-22,33.75,EUR
2076,Go Demystified,978-100-000-207-6,2021-02-27,90.76,USD
2077,JavaScript Mastery,978-100-000-207-7,2020-01-24,54.98,USD
2078,Flutter Cookbook,978-100-000-207-8,2021-03-14,71.11,GBP
2079,JavaScript Patterns,978-100-000-207-9,2022-07-26,99.64,USD
2080,Spring Patterns,978-100-000-208-0,2020-08-11,79.88,USD
2081,Laravel Advanced,978-100-000-208-1,2021-04-26,63.91,USD
2082,Machine Learning Patterns,978-100-000-208-2,2022-07-01,45.09,GBP
2083,Ruby in 24 Hours,978-100-000-208-3,2022-09-19,65.51,USD
2084,Docker Mastery,978-100-000-208-4,2021-12-15,93.72,USD
2085,C++ Patterns,978-100-000-208-5,2021-07-06,17.79,EUR
2086,Cybersecurity Patterns,978-100-000-208-6,2021-06-07,36.65,USD
2087,Cybersecurity Mastery,978-100-000-208-7,2021-11-22,30.13,USD
2088,Vue Patterns,978-100-000-208-8,2020-10-16,16.88,USD
2089,Cybersecurity Mastery,978-100-000-208-9,2022-05-21,94.20,EUR
2090,Kubernetes Patterns,978-100-000-209-0,2021-05-02,43.05,GBP
2091,Azure for Beginners,978-100-000-209-1,2020-07-12,73.91,GBP
2092,PHP in Action,978-100-000-209-2,2021-08-10,21.88,GBP
2093,React Guide,978-100-000-209-3,2021-01-12,23.83,USD
2094,Ruby Essentials,978-100-000-209-4,2021-10-13,52.12,GBP
2095,Flask Mastery,978-100-000-209-5,2021-11-21,23.06,USD
2096,Python Fundamentals,978-100-000-209-6,2022-06-04,76.01,GBP
2097,Azure Mastery,978-100-000-209-7,2020-06-04,55.95,USD
2098,PHP Handbook,978-100-000-209-8,2021-07-18,38.82,USD
2099,Kubernetes for Beginners,978-100-000-209-9,2020-04-19,47.69,USD
2100,PHP Demystified,978-100-000-210-0,2022-02-11,69.77,USD
2101,AWS in Action,978-100-000-210-1,2020-06-12,78.47,USD
2102,PHP Mastery,978-100-000-210-2,2021-12-03,12.02,GBP
2103,Flutter Fundamentals,978-100-000-210-3,2021-08-13,16.64,USD
2104,Elixir in Action,978-100-000-210-4,2021-05-19,86.60,GBP
2105,AWS Fundamentals,978-100-000-210-5,2021-04-10,50.01,EUR
2106,Spring Crash Course,978-100-000-210-6,2020-11-23,22.67,EUR
2107,JavaScript Fundamentals,978-100-000-210-7,2020-08-13,94.64,EUR
2108,Go Mastery,978-100-000-210-8,2021-03-20,94.74,EUR
2109,AWS Patterns,978-100-000-210-9,2022-06-15,38.59,GBP
2110,Angular Deep Dive,978-100-000-211-0,2022-07-29,55.65,GBP
2111,Swift Mastery,978-100-000-211-1,2021-08-09,95.47,EUR
2112,JavaScript Handbook,978-100-000-211-2,2021-06-21,95.76,EUR
2113,JavaScript in 24 Hours,978-100-000-211-3,2021-11-25,43.89,USD
2114,Django Fundamentals,978-100-000-211-4,2022-07-15,17.43,GBP
2115,Kubernetes Patterns,978-100-000-211-5,2021-11-13,22.96,GBP
2116,Docker Advanced,978-100-000-211-6,2020-06-09,49.06,USD
2117,DevOps Crash Course,978-100-000-211-7,2020-04-05,98.29,USD
2118,React Mastery,978-100-000-211-8,2020-02-28,59.81,USD
2119,Java Fundamentals,978-100-000-211-9,2021-06-29,51.27,GBP
2120,Angular Deep Dive,978-100-000-212-0,2021-10-11,61.77,EUR
2121,Vue Mastery,978-100-000-212-1,2020-02-02,57.47,GBP
2122,Elixir Mastery,978-100-000-212-2,2020-01-20,91.31,EUR
2123,Elixir Essentials,978-100-000-212-3,2022-08-09,18.29,EUR
2124,Scala Essentials,978-100-000-212-4,2022-02-02,98.24,GBP
2125,Kotlin Patterns,978-100-000-212-5,2022-02-02,14.20,GBP
2126,AI Cookbook,978-100-000-212-6,2021-11-08,24.12,EUR
2127,Scala for Beginners,978-100-000-212-7,2021-12-28,32.72,GBP
2128,JavaScript Advanced,978-100-000-212-8,2022-07-15,89.51,USD
2129,Docker Demystified,978-100-000-212-9,2021-01-02,13.60,USD
2130,Ruby in Action,978-100-000-213-0,2021-01-14,20.50,USD
2131,AWS Mastery,978-100-000-213-1,2022-03-03,50.34,USD
2132,Kubernetes for Beginners,978-100-000-213-2,2020-08-12,84.48,GBP
2133,Kotlin Patterns,978-100-000-213-3,2020-12-14,47.40,GBP
2134,Java Crash Course,978-100-000-213-4,2020-10-29,50.14,USD
2135,Azure Demystified,978-100-000-213-5,2021-09-19,69.12,GBP
2136,PHP for Beginners,978-100-000-213-6,2021-08-29,93.12,USD
2137,GCP Crash Course,978-100-000-213-7,2020-05-06,58.82,GBP
2138,Scala Essentials,978-100-000-213-8,2021-09-20,67.99,USD
2139,Kubernetes Handbook,978-100-000-213-9,2021-07-21,83.49,GBP
2140,Erlang in 24 Hours,978-100-000-214-0,2022-01-31,32.29,EUR
2141,DevOps Guide,978-100-000-214-1,2021-05-04,50.73,USD
2142,TypeScript Essentials,978-100-000-214-2,2021-12-19,10.54,GBP
2143,PHP for Beginners,978-100-000-214-3,2021-07-21,74.07,GBP
2144,Kotlin Handbook,978-100-000-214-4,2020-06-21,90.29,EUR
2145,Go Fundamentals,978-100-000-214-5,2022-04-08,54.37,USD
2146,Flask Handbook,978-100-000-214-6,2022-06-17,15.38,USD
2147,Kubernetes Handbook,978-100-000-214-7,2020-07-30,26.04,GBP
2148,Laravel in Action,978-100-000-214-8,2021-08-06,67.26,EUR
2149,Go Fundamentals,978-100-000-214-9,2021-06-18,39.15,USD
2150,Rust Advanced,978-100-000-215-0,2021-02-09,89.51,GBP
2151,Angular in Action,978-100-000-215-1,2020-05-26,58.01,USD
2152,Go in Action,978-100-000-215-2,2021-12-22,58.62,GBP
2153,Scala Deep Dive,978-100-000-215-3,2021-08-03,67.14,USD
2154,Blockchain Handbook,978-100-000-215-4,2020-03-31,45.49,USD
2155,Machine Learning in 24 Hours,978-100-000-215-5,2020-05-15,92.62,GBP
2156,Data Science Patterns,978-100-000-215-6,2022-01-17,67.06,USD
2157,React Native for Beginners,978-100-000-215-7,2021-08-01,51.38,USD
2158,React Native Deep Dive,978-100-000-215-8,2020-02-13,78.91,GBP
2159,Rust Patterns,978-100-000-215-9,2020-11-17,59.42,EUR
2160,React Native Deep Dive,978-100-000-216-0,2020-05-08,29.10,USD
2161,Docker Mastery,978-100-000-216-1,2022-03-10,29.98,EUR
2162,Flask Demystified,978-100-000-216-2,2021-07-18,40.74,USD
2163,React in Action,978-100-000-216-3,2020-01-20,26.36,USD
2164,Laravel for Beginners,978-100-000-216-4,2022-04-14,53.03,USD
2165,Python in Action,978-100-000-216-5,2020-02-13,83.35,GBP
2166,Kubernetes Fundamentals,978-100-000-216-6,2020-07-05,80.69,USD
2167,Django Cookbook,978-100-000-216-7,2020-03-20,32.83,EUR
2168,Spring Demystified,978-100-000-216-8,2020-09-11,46.35,USD
2169,React Native Advanced,978-100-000-216-9,2020-06-24,10.84,EUR
2170,React Demystified,978-100-000-217-0,2020-10-06,33.28,USD
2171,TypeScript Guide,978-100-000-217-1,2021-10-06,19.72,EUR
2172,Flutter for Beginners,978-100-000-217-2,2021-07-23,80.53,USD
2173,Java Crash Course,978-100-000-217-3,2021-10-09,71.74,EUR
2174,Blockchain Demystified,978-100-000-217-4,2020-02-29,60.01,EUR
2175,Elixir Mastery,978-100-000-217-5,2021-06-23,58.59,USD
2176,Angular in Action,978-100-000-217-6,2022-09-03,89.39,EUR
2177,React Handbook,978-100-000-217-7,2022-03-03,98.45,USD
2178,Cybersecurity Handbook,978-100-000-217-8,2020-12-27,16.55,EUR
2179,Django Demystified,978-100-000-217-9,2020-06-14,11.04,EUR
2180,Azure Deep Dive,978-100-000-218-0,2021-10-14,73.81,USD
2181,Java in Action,978-100-000-218-1,2022-07-18,88.49,USD
2182,Angular Mastery,978-100-000-218-2,2022-06-25,71.35,GBP
2183,Blockchain in 24 Hours,978-100-000-218-3,2022-07-19,50.34,EUR
2184,Spring Guide,978-100-000-218-4,2020-01-24,57.24,EUR
2185,Rust Advanced,978-100-000-218-5,2022-02-23,65.95,USD
2186,C++ Guide,978-100-000-218-6,2021-12-10,45.07,EUR
2187,AI Handbook,978-100-000-218-7,2021-11-27,82.63,USD
2188,AI Advanced,978-100-000-218-8,2020-01-15,57.56,GBP
2189,Azure Patterns,978-100-000-218-9,2022-07-25,26.72,USD
2190,TypeScript Cookbook,978-100-000-219-0,2021-06-07,44.95,USD
2191,Docker Patterns,978-100-000-219-1,2021-01-14,86.92,USD
2192,Ruby Fundamentals,978-100-000-219-2,2020-11-27,33.68,EUR
2193,PHP Fundamentals,978-100-000-219-3,2021-11-19,92.37,USD
2194,TypeScript Crash Course,978-100-000-219-4,2022-02-05,51.44,EUR
2195,Spring Cookbook,978-100-000-219-5,2021-11-21,44.86,GBP
2196,C++ Patterns,978-100-000-219-6,2020-04-12,38.70,GBP
2197,Cybersecurity Guide,978-100-000-219-7,2021-12-18,34.80,EUR
2198,Vue Essentials,978-100-000-219-8,2021-04-01,39.43,GBP
2199,React Native Deep Dive,978-100-000-219-9,2022-06-23,57.89,EUR
2200,Ruby Handbook,978-100-000-220-0,2020-10-12,42.38,EUR
2201,Vue Fundamentals,978-100-000-220-1,2020-06-13,46.94,GBP
2202,Docker in 24 Hours,978-100-000-220-2,2020-04-30,46.83,GBP
2203,React Demystified,978-100-000-220-3,2021-02-02,13.59,USD
2204,Angular Demystified,978-100-000-220-4,2020-10-14,23.91,EUR
2205,React Handbook,978-100-000-220-5,2020-06-07,18.77,USD
2206,Cybersecurity in Action,978-100-000-220-6,2020-05-30,70.53,EUR
2207,JavaScript for Beginners,978-100-000-220-7,2021-02-22,49.91,GBP
2208,Vue Crash Course,978-100-000-220-8,2020-03-16,32.97,EUR
2209,Ruby Deep Dive,978-100-000-220-9,2020-12-30,84.27,USD
2210,Spring Crash Course,978-100-000-221-0,2022-01-20,33.28,EUR
2211,Ruby Patterns,978-100-000-221-1,2020-11-17,52.07,EUR
2212,Laravel Essentials,978-100-000-221-2,2020-05-28,73.37,USD
2213,React Native Essentials,978-100-000-221-3,2021-08-29,65.60,GBP
2214,JavaScript Advanced,978-100-000-221-4,2020-12-02,87.40,GBP
2215,C++ Guide,978-100-000-221-5,2021-11-21,80.33,GBP
2216,Kubernetes Crash Course,978-100-000-221-6,2021-06-06,77.32,EUR
2217,Ruby Handbook,978-100-000-221-7,2022-05-25,84.94,EUR
2218,C# in Action,978-100-000-221-8,2022-09-10,76.50,EUR
2219,Data Science Guide,978-100-000-221-9,2021-02-05,32.38,GBP
2220,JavaScript Guide,978-100-000-222-0,2022-02-25,83.06,GBP
2221,C++ in Action,978-100-000-222-1,2021-10-21,44.41,EUR
2222,C# Fundamentals,978-100-000-222-2,2020-09-18,86.44,GBP
2223,Erlang for Beginners,978-100-000-222-3,2021-02-28,74.45,EUR
2224,Scala Essentials,978-100-000-222-4,2021-03-18,83.06,GBP
2225,React in 24 Hours,978-100-000-222-5,2020-08-31,99.89,GBP
2226,Python Deep Dive,978-100-000-222-6,2020-06-05,51.82,GBP
2227,DevOps Crash Course,978-100-000-222-7,2021-12-13,55.75,USD
2228,Laravel Demystified,978-100-000-222-8,2022-08-14,18.76,EUR
2229,React Native Cookbook,978-100-000-222-9,2021-12-07,66.57,GBP
2230,Vue Advanced,978-100-000-223-0,2022-02-05,50.49,EUR
2231,Kubernetes Cookbook,978-100-000-223-1,2020-10-31,53.85,USD
2232,Erlang Patterns,978-100-000-223-2,2020-04-08,32.57,EUR
2233,Cybersecurity in Action,978-100-000-223-3,2021-05-28,66.82,USD
2234,TypeScript Advanced,978-100-000-223-4,2020-08-31,14.12,EUR
2235,React Native in 24 Hours,978-100-000-223-5,2021-08-26,31.84,EUR
2236,Erlang Advanced,978-100-000-223-6,2022-02-23,59.29,EUR
2237,Kotlin Guide,978-100-000-223-7,2022-06-24,61.72,GBP
2238,GCP Fundamentals,978-100-000-223-8,2022-03-29,35.60,EUR
2239,PHP in 24 Hours,978-100-000-223-9,2020-11-03,67.25,USD
2240,Django Advanced,978-100-000-224-0,2020-08-18,94.46,GBP
2241,AI Essentials,978-100-000-224-1,2021-04-05,10.07,GBP
2242,C# Essentials,978-100-000-224-2,2020-11-28,73.95,GBP
2243,JavaScript Handbook,978-100-000-224-3,2022-03-06,10.64,USD
2244,Rust Demystified,978-100-000-224-4,2020-08-12,76.10,GBP
2245,Erlang Deep Dive,978-100-000-224-5,2021-02-21,10.97,GBP
2246,Rust Crash Course,978-100-000-224-6,2020-06-17,26.13,GBP
2247,Kotlin Demystified,978-100-000-224-7,2022-07-25,33.90,USD
2248,Scala Mastery,978-100-000-224-8,2022-02-17,35.12,USD
2249,Blockchain Deep Dive,978-100-000-224-9,2022-06-04,41.79,EUR
2250,React Native Cookbook,978-100-000-225-0,2022-07-10,82.47,EUR
2251,Cybersecurity Demystified,978-100-000-225-1,2020-07-09,63.23,GBP
2252,Cybersecurity Crash Course,978-100-000-225-2,2021-06-30,34.95,GBP
2253,Elixir Fundamentals,978-100-000-225-3,2021-10-11,11.12,USD
2254,GCP in Action,978-100-000-225-4,2020-02-28,94.84,USD
2255,Flutter Fundamentals,978-100-000-225-5,2022-07-08,75.13,GBP
2256,Machine Learning Guide,978-100-000-225-6,2020-12-18,58.03,USD
2257,Cybersecurity Fundamentals,978-100-000-225-7,2020-03-23,97.23,USD
2258,Python Patterns,978-100-000-225-8,2021-11-25,15.14,EUR
2259,PHP Patterns,978-100-000-225-9,2020-03-19,72.92,USD
2260,Docker Crash Course,978-100-000-226-0,2022-02-20,96.80,GBP
2261,Vue Crash Course,978-100-000-226-1,2022-02-20,21.42,USD
2262,Cybersecurity Cookbook,978-100-000-226-2,2021-03-17,84.68,EUR
2263,Cybersecurity Advanced,978-100-000-226-3,2020-10-29,88.10,USD
2264,Go Deep Dive,978-100-000-226-4,2021-08-30,90.04,EUR
2265,C++ in 24 Hours,978-100-000-226-5,2020-07-28,45.83,GBP
2266,Ruby Handbook,978-100-000-226-6,2021-03-19,31.81,USD
2267,Erlang Guide,978-100-000-226-7,2021-08-15,27.77,USD
2268,Angular Advanced,978-100-000-226-8,2022-05-20,66.64,GBP
2269,AWS Advanced,978-100-000-226-9,2021-11-10,84.72,EUR
2270,Blockchain Deep Dive,978-100-000-227-0,2020-06-02,74.40,EUR
2271,TypeScript Demystified,978-100-000-227-1,2020-02-22,77.10,GBP
2272,Rust Handbook,978-100-000-227-2,2021-02-05,42.37,USD
2273,DevOps in Action,978-100-000-227-3,2022-05-05,20.85,EUR
2274,Python in 24 Hours,978-100-000-227-4,2021-06-08,79.42,EUR
2275,Angular Handbook,978-100-000-227-5,2022-07-26,85.53,EUR
2276,Azure Demystified,978-100-000-227-6,2022-07-16,30.43,USD
2277,Elixir in 24 Hours,978-100-000-227-7,2022-08-28,22.03,EUR
2278,AI Essentials,978-100-000-227-8,2021-02-17,13.83,USD
2279,React Native Guide,978-100-000-227-9,2021-07-29,58.30,GBP
2280,Django in 24 Hours,978-100-000-228-0,2020-06-09,37.20,EUR
2281,Blockchain Deep Dive,978-100-000-228-1,2020-12-08,89.76,GBP
2282,GCP Essentials,978-100-000-228-2,2021-06-09,90.93,USD
2283,Data Science Demystified,978-100-000-228-3,2021-08-21,99.03,GBP
2284,Blockchain in 24 Hours,978-100-000-228-4,2020-04-24,50.04,EUR
2285,Blockchain Mastery,978-100-000-228-5,2020-05-24,16.46,EUR
2286,Ruby Patterns,978-100-000-228-6,2022-09-03,38.78,GBP
2287,Docker in 24 Hours,978-100-000-228-7,2022-08-14,47.28,GBP
2288,Data Science Deep Dive,978-100-000-228-8,2022-05-07,96.36,EUR
2289,Elixir for Beginners,978-100-000-228-9,2022-02-27,49.41,USD
2290,Swift Deep Dive,978-100-000-229-0,2022-08-19,46.59,USD
2291,DevOps Cookbook,978-100-000-229-1,2020-02-10,49.10,EUR
2292,Kotlin in 24 Hours,978-100-000-229-2,2020-08-04,17.79,USD
2293,Azure Handbook,978-100-000-229-3,2021-06-07,81.93,EUR
2294,Haskell Essentials,978-100-000-229-4,2021-01-18,43.12,GBP
2295,Ruby Essentials,978-100-000-229-5,2021-01-20,61.93,USD
2296,Go Demystified,978-100-000-229-6,2021-09-24,46.44,EUR
2297,Machine Learning Deep Dive,978-100-000-229-7,2020-08-28,77.73,GBP
2298,Docker in Action,978-100-000-229-8,2021-03-15,38.94,EUR
2299,AI Fundamentals,978-100-000-229-9,2022-08-19,91.20,EUR
2300,Angular Deep Dive,978-100-000-230-0,2020-10-11,90.95,GBP
2301,Scala in Action,978-100-000-230-1,2021-12-30,72.04,GBP
2302,Spring Advanced,978-100-000-230-2,2020-03-13,82.91,USD
2303,GCP for Beginners,978-100-000-230-3,2020-12-17,37.43,USD
2304,PHP for Beginners,978-100-000-230-4,2022-01-06,18.64,GBP
2305,Spring Essentials,978-100-000-230-5,2021-06-10,66.14,EUR
2306,Angular Cookbook,978-100-000-230-6,2020-07-10,74.75,GBP
2307,Java Deep Dive,978-100-000-230-7,2021-06-21,98.77,USD
2308,DevOps Cookbook,978-100-000-230-8,2020-09-01,11.92,GBP
2309,Elixir Guide,978-100-000-230-9,2020-09-02,98.52,EUR
2310,Elixir in 24 Hours,978-100-000-231-0,2021-09-26,47.43,EUR
2311,Erlang Essentials,978-100-000-231-1,2022-04-15,14.01,EUR
2312,Vue Guide,978-100-000-231-2,2022-06-18,26.25,EUR
2313,Erlang Cookbook,978-100-000-231-3,2020-06-08,49.81,GBP
2314,C# Guide,978-100-000-231-4,2021-08-02,95.55,EUR
2315,Spring in Action,978-100-000-231-5,2021-06-12,73.02,EUR
2316,TypeScript Handbook,978-100-000-231-6,2022-06-28,49.20,EUR
2317,Erlang Advanced,978-100-000-231-7,2020-11-07,47.58,USD
2318,Flask Cookbook,978-100-000-231-8,2021-09-24,18.55,USD
2319,React Advanced,978-100-000-231-9,2020-05-29,35.14,GBP
2320,PHP Cookbook,978-100-000-232-0,2020-11-21,67.14,USD
2321,Elixir Handbook,978-100-000-232-1,2021-09-15,95.81,USD
2322,Django Patterns,978-100-000-232-2,2021-11-29,80.65,EUR
2323,Scala in 24 Hours,978-100-000-232-3,2021-09-29,25.32,USD
2324,Java Fundamentals,978-100-000-232-4,2022-03-11,64.43,USD
2325,JavaScript for Beginners,978-100-000-232-5,2020-05-04,99.75,USD
2326,C++ in Action,978-100-000-232-6,2022-04-15,38.67,EUR
2327,Vue Mastery,978-100-000-232-7,2020-06-24,96.07,EUR
2328,Ruby Fundamentals,978-100-000-232-8,2022-04-14,48.66,GBP
2329,Machine Learning Fundamentals,978-100-000-232-9,2021-10-26,67.58,GBP
2330,Rust Crash Course,978-100-000-233-0,2020-01-14,56.02,EUR
2331,GCP Deep Dive,978-100-000-233-1,2021-10-03,87.48,GBP
2332,Machine Learning Patterns,978-100-000-233-2,2020-02-11,84.85,EUR
2333,Scala in 24 Hours,978-100-000-233-3,2020-03-02,90.13,USD
2334,React in 24 Hours,978-100-000-233-4,2022-09-24,45.43,EUR
2335,PHP Patterns,978-100-000-233-5,2020-12-01,49.59,EUR
2336,GCP in Action,978-100-000-233-6,2021-03-28,83.61,GBP
2337,Flutter Cookbook,978-100-000-233-7,2021-05-13,87.03,EUR
2338,Vue in 24 Hours,978-100-000-233-8,2020-05-06,33.12,USD
2339,React Mastery,978-100-000-233-9,2022-06-02,98.71,GBP
2340,PHP Mastery,978-100-000-234-0,2020-11-30,14.63,EUR
2341,Laravel Mastery,978-100-000-234-1,2020-12-25,78.81,EUR
2342,Rust in Action,978-100-000-234-2,2022-03-02,17.57,GBP
2343,Machine Learning Patterns,978-100-000-234-3,2022-04-05,34.66,USD
2344,Azure Patterns,978-100-000-234-4,2020-02-26,12.36,GBP
2345,PHP Guide,978-100-000-234-5,2021-02-05,85.85,GBP
2346,Data Science Deep Dive,978-100-000-234-6,2020-12-03,87.46,USD
2347,Flutter Patterns,978-100-000-234-7,2021-02-15,81.80,GBP
2348,Go Advanced,978-100-000-234-8,2022-02-23,12.70,EUR
2349,GCP Guide,978-100-000-234-9,2022-03-12,22.46,GBP
2350,Elixir Mastery,978-100-000-235-0,2021-02-25,13.06,EUR
2351,Scala Fundamentals,978-100-000-235-1,2022-02-02,89.63,USD
2352,JavaScript Advanced,978-100-000-235-2,2020-06-01,57.03,EUR
2353,Kubernetes Crash Course,978-100-000-235-3,2022-01-12,31.96,USD
2354,Python for Beginners,978-100-000-235-4,2020-03-21,86.33,EUR
2355,Flask in 24 Hours,978-100-000-235-5,2022-09-26,11.33,USD
2356,Vue in Action,978-100-000-235-6,2022-01-29,26.00,EUR
2357,PHP Fundamentals,978-100-000-235-7,2020-04-14,68.14,USD
2358,Scala Crash Course,978-100-000-235-8,2020-05-09,92.09,USD
2359,Cybersecurity in Action,978-100-000-235-9,2022-01-04,51.61,USD
2360,Elixir in 24 Hours,978-100-000-236-0,2022-08-15,39.10,GBP
2361,Azure for Beginners,978-100-000-236-1,2021-06-09,98.04,GBP
2362,Blockchain Guide,978-100-000-236-2,2021-05-24,33.71,USD
2363,Django Handbook,978-100-000-236-3,2020-08-03,75.62,USD
2364,Vue Demystified,978-100-000-236-4,2020-12-19,13.19,EUR
2365,Spring Fundamentals,978-100-000-236-5,2022-09-17,24.92,GBP
2366,DevOps Mastery,978-100-000-236-6,2020-06-25,46.62,GBP
2367,Django Deep Dive,978-100-000-236-7,2021-03-24,41.09,EUR
2368,DevOps Patterns,978-100-000-236-8,2021-05-07,84.53,GBP
2369,Elixir Guide,978-100-000-236-9,2021-04-05,79.61,USD
2370,C++ Advanced,978-100-000-237-0,2020-02-10,17.34,EUR
2371,React Mastery,978-100-000-237-1,2022-05-02,32.96,USD
2372,React Deep Dive,978-100-000-237-2,2022-04-16,41.58,USD
2373,Django Crash Course,978-100-000-237-3,2021-03-21,75.78,USD
2374,Go for Beginners,978-100-000-237-4,2020-04-13,53.57,USD
2375,Python Advanced,978-100-000-237-5,2021-02-03,83.07,EUR
2376,Blockchain in 24 Hours,978-100-000-237-6,2022-09-01,40.48,EUR
2377,Spring Patterns,978-100-000-237-7,2022-06-17,95.47,EUR
2378,JavaScript Deep Dive,978-100-000-237-8,2020-11-25,75.24,USD
2379,Spring Guide,978-100-000-237-9,2021-08-07,92.19,USD
2380,Kubernetes Mastery,978-100-000-238-0,2020-06-30,17.63,EUR
2381,Java Demystified,978-100-000-238-1,2021-08-22,48.63,USD
2382,Angular Fundamentals,978-100-000-238-2,2020-03-12,17.12,USD
2383,Angular in 24 Hours,978-100-000-238-3,2020-11-09,23.43,GBP
2384,TypeScript Mastery,978-100-000-238-4,2022-07-31,66.97,USD
2385,Python Deep Dive,978-100-000-238-5,2020-09-10,47.74,GBP
2386,Haskell in 24 Hours,978-100-000-238-6,2022-03-21,31.46,GBP
2387,Docker Cookbook,978-100-000-238-7,2022-08-13,37.30,EUR
2388,Python Essentials,978-100-000-238-8,2022-05-06,17.51,GBP
2389,PHP Patterns,978-100-000-238-9,2022-07-12,62.19,GBP
2390,Angular Advanced,978-100-000-239-0,2020-06-27,93.87,USD
2391,Elixir Fundamentals,978-100-000-239-1,2020-07-13,95.43,USD
2392,Azure Cookbook,978-100-000-239-2,2022-03-14,86.35,EUR
2393,Kotlin Deep Dive,978-100-000-239-3,2022-05-08,26.70,GBP
2394,Python in 24 Hours,978-100-000-239-4,2021-11-15,66.49,EUR
2395,Docker Advanced,978-100-000-239-5,2022-05-22,44.85,GBP
2396,Swift Deep Dive,978-100-000-239-6,2022-01-18,92.75,USD
2397,GCP in 24 Hours,978-100-000-239-7,2022-07-07,90.28,GBP
2398,Data Science Demystified,978-100-000-239-8,2022-02-24,93.01,EUR
2399,Erlang for Beginners,978-100-000-239-9,2022-06-15,53.53,EUR
2400,PHP Essentials,978-100-000-240-0,2021-07-10,66.34,EUR
2401,Kubernetes Guide,978-100-000-240-1,2020-04-27,77.54,USD
2402,C# Demystified,978-100-000-240-2,2021-10-29,15.76,USD
2403,GCP Crash Course,978-100-000-240-3,2022-07-19,11.96,EUR
2404,Kotlin for Beginners,978-100-000-240-4,2021-11-13,12.04,USD
2405,Vue Fundamentals,978-100-000-240-5,2021-03-16,33.26,USD
2406,Cybersecurity in Action,978-100-000-240-6,2020-10-13,81.47,USD
2407,AWS in Action,978-100-000-240-7,2020-03-28,62.33,GBP
2408,Cybersecurity Patterns,978-100-000-240-8,2022-01-06,33.04,EUR
2409,Flask Guide,978-100-000-240-9,2022-03-20,19.66,EUR
2410,Docker Essentials,978-100-000-241-0,2021-11-03,16.57,GBP
2411,C++ Guide,978-100-000-241-1,2020-01-06,86.65,GBP
2412,Go Demystified,978-100-000-241-2,2020-11-17,22.38,USD
2413,Laravel Handbook,978-100-000-241-3,2020-03-08,10.96,USD
2414,Java Guide,978-100-000-241-4,2021-05-13,12.14,EUR
2415,JavaScript in Action,978-100-000-241-5,2021-05-15,32.84,USD
2416,Laravel Demystified,978-100-000-241-6,2020-06-15,28.70,USD
2417,C++ Demystified,978-100-000-241-7,2021-08-09,34.20,GBP
2418,Django in 24 Hours,978-100-000-241-8,2021-05-02,18.77,GBP
2419,Kotlin Fundamentals,978-100-000-241-9,2021-08-13,53.60,USD
2420,Laravel for Beginners,978-100-000-242-0,2022-09-24,45.96,GBP
2421,Docker Deep Dive,978-100-000-242-1,2020-06-24,63.91,USD
2422,Angular Fundamentals,978-100-000-242-2,2020-10-18,77.49,USD
2423,Vue Crash Course,978-100-000-242-3,2022-07-25,54.17,EUR
2424,AI Demystified,978-100-000-242-4,2022-08-25,63.92,USD
2425,AWS Cookbook,978-100-000-242-5,2020-07-21,91.64,EUR
2426,Azure Fundamentals,978-100-000-242-6,2020-11-21,94.28,EUR
2427,Laravel Patterns,978-100-000-242-7,2022-01-10,68.86,GBP
2428,React Native Demystified,978-100-000-242-8,2021-12-08,56.83,USD
2429,Java Cookbook,978-100-000-242-9,2022-07-13,61.75,EUR
2430,Erlang Crash Course,978-100-000-243-0,2020-11-07,52.10,EUR
2431,Flask Crash Course,978-100-000-243-1,2020-05-09,97.01,USD
2432,AWS in Action,978-100-000-243-2,2020-07-21,19.77,USD
2433,Django Handbook,978-100-000-243-3,2020-02-07,18.92,GBP
2434,Kotlin Patterns,978-100-000-243-4,2022-06-25,36.71,USD
2435,AWS for Beginners,978-100-000-243-5,2022-08-05,56.44,EUR
2436,Angular Guide,978-100-000-243-6,2022-09-06,49.42,USD
2437,React Fundamentals,978-100-000-243-7,2020-04-22,44.85,USD
2438,Spring in 24 Hours,978-100-000-243-8,2022-08-22,13.62,EUR
2439,Ruby Crash Course,978-100-000-243-9,2020-11-18,51.07,USD
2440,Ruby in Action,978-100-000-244-0,2020-02-20,52.30,EUR
2441,Kotlin Demystified,978-100-000-244-1,2021-06-02,72.18,EUR
2442,Python Mastery,978-100-000-244-2,2022-03-07,33.24,EUR
2443,Azure Advanced,978-100-000-244-3,2022-01-24,33.69,EUR
2444,Flutter Advanced,978-100-000-244-4,2022-05-28,61.88,USD
2445,AWS in 24 Hours,978-100-000-244-5,2022-06-17,66.38,GBP
2446,Ruby Demystified,978-100-000-244-6,2021-11-25,36.83,USD
2447,Java Patterns,978-100-000-244-7,2021-03-20,56.10,USD
2448,Vue Mastery,978-100-000-244-8,2022-07-11,28.83,GBP
2449,Haskell Mastery,978-100-000-244-9,2020-03-14,27.96,USD
2450,Django Patterns,978-100-000-245-0,2020-09-02,33.39,EUR
2451,Go Advanced,978-100-000-245-1,2022-02-15,95.03,USD
2452,Kotlin Advanced,978-100-000-245-2,2020-07-02,45.46,EUR
2453,GCP Fundamentals,978-100-000-245-3,2020-03-23,80.43,EUR
2454,AI Crash Course,978-100-000-245-4,2022-01-15,73.84,GBP
2455,Vue in 24 Hours,978-100-000-245-5,2020-11-20,53.83,GBP
2456,Kotlin Deep Dive,978-100-000-245-6,2020-06-16,60.23,EUR
2457,Ruby Handbook,978-100-000-245-7,2022-07-05,54.34,USD
2458,Flutter for Beginners,978-100-000-245-8,2022-08-17,75.44,GBP
2459,TypeScript in Action,978-100-000-245-9,2020-02-14,96.33,GBP
2460,DevOps Fundamentals,978-100-000-246-0,2021-01-26,98.54,EUR
2461,JavaScript Fundamentals,978-100-000-246-1,2021-01-01,45.83,EUR
2462,Go Handbook,978-100-000-246-2,2022-07-30,70.40,EUR
2463,Swift Crash Course,978-100-000-246-3,2021-12-01,40.26,GBP
2464,Laravel Demystified,978-100-000-246-4,2020-08-22,48.00,GBP
2465,GCP Demystified,978-100-000-246-5,2021-06-28,22.81,USD
2466,React Native Guide,978-100-000-246-6,2022-05-29,99.03,USD
2467,C# for Beginners,978-100-000-246-7,2022-04-06,67.86,USD
2468,Kotlin Deep Dive,978-100-000-246-8,2022-03-22,24.16,GBP
2469,Spring Fundamentals,978-100-000-246-9,2021-03-31,29.46,USD
2470,Rust Guide,978-100-000-247-0,2021-04-21,36.01,GBP
2471,Azure Essentials,978-100-000-247-1,2021-09-19,25.67,GBP
2472,Django Mastery,978-100-000-247-2,2021-05-23,14.12,USD
2473,Haskell Deep Dive,978-100-000-247-3,2021-11-28,54.62,EUR
2474,C++ for Beginners,978-100-000-247-4,2021-12-16,28.49,GBP
2475,JavaScript Advanced,978-100-000-247-5,2020-05-07,83.64,GBP
2476,Kubernetes Cookbook,978-100-000-247-6,2021-04-29,18.90,EUR
2477,React Guide,978-100-000-247-7,2021-03-13,90.50,GBP
2478,C++ Fundamentals,978-100-000-247-8,2020-07-01,76.19,GBP
2479,Elixir Guide,978-100-000-247-9,2022-05-24,40.39,EUR
2480,PHP for Beginners,978-100-000-248-0,2021-01-28,47.46,GBP
2481,Angular Essentials,978-100-000-248-1,2020-07-19,85.09,USD
2482,Kubernetes Crash Course,978-100-000-248-2,2020-08-20,98.95,EUR
2483,Go for Beginners,978-100-000-248-3,2022-01-02,25.79,GBP
2484,Vue Handbook,978-100-000-248-4,2020-08-06,39.79,GBP
2485,Kubernetes for Beginners,978-100-000-248-5,2021-12-09,28.61,EUR
2486,GCP Guide,978-100-000-248-6,2021-10-10,35.88,GBP
2487,DevOps Crash Course,978-100-000-248-7,2020-03-13,68.79,EUR
2488,Blockchain Mastery,978-100-000-248-8,2022-05-22,71.77,USD
2489,Scala Patterns,978-100-000-248-9,2021-04-21,22.52,EUR
2490,Kubernetes Deep Dive,978-100-000-249-0,2022-04-20,51.47,USD
2491,Python Mastery,978-100-000-249-1,2020-10-27,57.92,USD
2492,Vue Fundamentals,978-100-000-249-2,2021-07-06,37.01,USD
2493,Angular Mastery,978-100-000-249-3,2021-03-14,10.18,USD
2494,Data Science for Beginners,978-100-000-249-4,2021-10-13,17.31,EUR
2495,Ruby for Beginners,978-100-000-249-5,2022-06-11,25.15,GBP
2496,Cybersecurity in 24 Hours,978-100-000-249-6,2021-02-26,74.79,GBP
2497,Haskell Cookbook,978-100-000-249-7,2020-11-19,43.48,GBP
2498,Scala Crash Course,978-100-000-249-8,2020-07-18,95.49,USD
2499,C++ Mastery,978-100-000-249-9,2020-09-25,68.16,GBP
2500,TypeScript for Beginners,978-100-000-250-0,2022-03-05,44.14,GBP
